,ARGINAID® Arginine Powder Orange,ARGINAID® Arginine Powder Orange,ARGINAID® Arginine Powder Orange,ARGINAID® Arginine Powder Orange,ARGINAID® Arginine Powder Orange,ARGINAID® Arginine Powder Orange,ARGINAID® Arginine Powder Orange,ARGINAID® Arginine Powder Orange,ARGINAID® Arginine Powder Orange,ARGINAID® Arginine Powder Orange,ARGINAID® Arginine Powder Orange,ARGINAID® Arginine Powder Orange
,Servings Per Pack: 14 Serving Size: 9.2g (Powder),Average Quantityper Serving,Average Quantityper 100g,Unnamed: 3_level_1,Unnamed: 4_level_1,Unnamed: 5_level_1,Unnamed: 6_level_1,Unnamed: 7_level_1,Unnamed: 8_level_1,Unnamed: 9_level_1,Unnamed: 10_level_1,Unnamed: 11_level_1
0,Energy,105 kJ,,,,,,,,,,
1,,25 kcal,,,,,,,,,,
2,Protein,,,,,,,,,,,
3,- L-Arginine,4.5 g,,,,,,,,,,
4,Total Nitrogen,1.4 g,,,,,,,,,,
5,Carbohydrate,2.0 g,,,,,,,,,,
6,Fat,0.0 g,,,,,,,,,,
7,- Saturated,0.0 g,,,,,,,,,,
8,Sodium,30.0 mg,,,,,,,,,,
9,Potassium,5.0 mg,,,,,,,,,,
10,Vitamin C,156.0 mg,,,,,,,,,,
11,Vitamin E,60.0 mg,,,,,,,,,,
12,,,,,,,,,,,,
13,Contains 4.5g per packet of the amino acid L-arginine - a key building block of protein,Contains 4.5g per packet of the amino acid L-arginine - a key building block of protein,Contains 4.5g per packet of the amino acid L-arginine - a key building block of protein,Contains 4.5g per packet of the amino acid L-arginine - a key building block of protein,Contains 4.5g per packet of the amino acid L-arginine - a key building block of protein,Contains 4.5g per packet of the amino acid L-arginine - a key building block of protein,Contains 4.5g per packet of the amino acid L-arginine - a key building block of protein,Contains 4.5g per packet of the amino acid L-arginine - a key building block of protein,Contains 4.5g per packet of the amino acid L-arginine - a key building block of protein,Contains 4.5g per packet of the amino acid L-arginine - a key building block of protein,Contains 4.5g per packet of the amino acid L-arginine - a key building block of protein,Contains 4.5g per packet of the amino acid L-arginine - a key building block of protein
