item_id,vitamin,measure,value,perc_daily_recom,vit
56525,, IU , 1.5,,Vitamin E
56525,, mcg , 8,,Vitamin K
56525,, mcg , 100,,Thiamin (Vitamin B1)
56525,, mcg , 150,,Riboflavin (Vitamin B2)
56525,, mcg , 60,,Vitamin B6
56525,, mcg , 0.25,,Vitamin B12
56525,, mcg , 1050,,Niacin
56525,, mcg , 15,,Folic Acid (Folacin)
56525,, mcg , 450,,Pantothenic Acid
56525,, mcg , 4.4,,Biotin
56525,, mg , 9,,Vitamin C (Ascorbic Acid)
56525,, mg , 16,,Choline
56525,, mg , 4.7,,Inositol
56525,, IU , 300,,Vitamin A
56525,, IU , 60,,Vitamin D
56308,, IU , 1.5,,Vitamin E
56308,, mcg , 11,,Vitamin K
56308,, mcg , 63,,Thiamin (Vitamin B1)
56308,, mcg , 95,,Riboflavin (Vitamin B2)
56308,, mcg , 63,,Vitamin B6
56308,, mcg , 0.47,,Vitamin B12
56308,, mcg , 1400,,Niacin
56308,, mcg , 16,,Folic Acid (Folacin)
56308,, mcg , 780,,Pantothenic Acid
56308,, mcg , 4.7,,Biotin
56308,, mg , 9,,Vitamin C (Ascorbic Acid)
56308,, mg , 24,,Choline
56308,, mg , 5,,Inositol
56308,, IU , 300,,Vitamin A
56308,, IU , 60,,Vitamin D
62139,, IU , 60,,Vitamin D
62139,, IU , 1.5,,Vitamin E
62139,, mcg , 8,,Vitamin K
62139,, mcg , 100,,Thiamin (Vitamin B1)
62139,, mcg , 160,,Riboflavin (Vitamin B2)
62139,, mcg , 63,,Vitamin B6
62139,, mcg , 0.26,,Vitamin B12
62139,, mcg , 1100,,Niacin
62139,, mcg , 16,,Folic Acid (Folacin)
62139,, mcg , 470,,Pantothenic Acid
62139,, mcg , 4.6,,Biotin
62139,, mg , 9,,Vitamin C (Ascorbic Acid)
62139,, mg , 24,,Choline
62139,, mg , 4.5,,Inositol
62139,, IU , 300,,Vitamin A
66937e,, IU , 1.5,,Vitamin E
66937e,, mcg , 8,,Vitamin K
66937e,, mcg , 100,,Thiamin (Vitamin B1)
66937e,, mcg , 160,,Riboflavin (Vitamin B2)
66937e,, mcg , 63,,Vitamin B6
66937e,, mcg , 0.26,,Vitamin B12
66937e,, mcg , 1100,,Niacin
66937e,, mcg , 16,,Folic Acid (Folacin)
66937e,, mcg , 470,,Pantothenic Acid
66937e,, mcg , 4.6,,Biotin
66937e,, mg , 9,,Vitamin C (Ascorbic Acid)
66937e,, mg , 24,,Choline
66937e,, mg , 4.5,,Inositol
66937e,, IU , 300,,Vitamin A
66937e,, IU , 60,,Vitamin D
66939e,, IU , 1.5,,Vitamin E
66939e,, mcg , 8,,Vitamin K
66939e,, mcg , 100,,Thiamin (Vitamin B1)
66939e,, mcg , 160,,Riboflavin (Vitamin B2)
66939e,, mcg , 63,,Vitamin B6
66939e,, mcg , 0.26,,Vitamin B12
66939e,, mcg , 1100,,Niacin
66939e,, mcg , 16,,Folic Acid (Folacin)
66939e,, mcg , 470,,Pantothenic Acid
66939e,, mcg , 4.6,,Biotin
66939e,, mg , 9,,Vitamin C (Ascorbic Acid)
66939e,, mg , 24,,Choline
66939e,, mg , 4.5,,Inositol
66939e,, IU , 300,,Vitamin A
66939e,, IU , 60,,Vitamin D
66937,, IU , 1.5,,Vitamin E
66937,, mcg , 8,,Vitamin K
66937,, mcg , 100,,Thiamin (Vitamin B1)
66937,, mcg , 160,,Riboflavin (Vitamin B2)
66937,, mcg , 63,,Vitamin B6
66937,, mcg , 0.26,,Vitamin B12
66937,, mcg , 1100,,Niacin
66937,, mcg , 16,,Folic Acid (Folacin)
66937,, mcg , 470,,Pantothenic Acid
66937,, mcg , 4.6,,Biotin
66937,, mg , 9,,Vitamin C (Ascorbic Acid)
66937,, mg , 24,,Choline
66937,, mg , 4.5,,Inositol
66937,, IU , 300,,Vitamin A
66937,, IU , 60,,Vitamin D
67446,, IU , 1250,,Vitamin A
67446,, IU , 150,,Vitamin D
67446,, IU , 4.0,,Vitamin E
67446,, mcg , 12,,Vitamin K
67446,, mcg , 250,,Thiamin (Vitamin B1)
67446,, mcg , 620,,Riboflavin (Vitamin B2)
67446,, mcg , 250,,Vitamin B6
67446,, mcg , 0.55,,Vitamin B12
67446,, mcg , 5000,,Niacin
67446,, mcg , 37,,Folic Acid (Folacin)
67446,, mcg , 1900,,Pantothenic Acid
67446,, mcg , 37,,Biotin
67446,, mg , 37,,Vitamin C (Ascorbic Acid)
67446,, mg , 10,,Choline
67446,, mg , 40,,Inositol
66939,, IU , 1.5,,Vitamin E
66939,, mcg , 8,,Vitamin K
66939,, mcg , 100,,Thiamin (Vitamin B1)
66939,, mcg , 160,,Riboflavin (Vitamin B2)
66939,, mcg , 63,,Vitamin B6
66939,, mcg , 0.26,,Vitamin B12
66939,, mcg , 1100,,Niacin
66939,, mcg , 16,,Folic Acid (Folacin)
66939,, mcg , 470,,Pantothenic Acid
66939,, mcg , 4.6,,Biotin
66939,, mg , 9,,Vitamin C (Ascorbic Acid)
66939,, mg , 24,,Choline
66939,, mg , 4.5,,Inositol
66939,, IU , 300,,Vitamin A
66939,, IU , 60,,Vitamin D
51002,, % , 96.6,,Water
51002,, % , 5.0,,Dextrose
51002,,,,,Calories : 20
67448p4,, IU , 1250,,Vitamin A
67448p4,, IU , 150,,Vitamin D
67448p4,, IU , 4.0,,Vitamin E
67448p4,, mcg , 12,,Vitamin K
67448p4,, mcg , 250,,Thiamin (Vitamin B1)
67448p4,, mcg , 620,,Riboflavin (Vitamin B2)
67448p4,, mcg , 250,,Vitamin B6
67448p4,, mcg , 0.55,,Vitamin B12
67448p4,, mcg , 5000,,Niacin
67448p4,, mcg , 37,,Folic Acid (Folacin)
67448p4,, mcg , 1900,,Pantothenic Acid
67448p4,, mcg , 37,,Biotin
67448p4,, mg , 37,,Vitamin C (Ascorbic Acid)
67448p4,, mg , 10,,Choline
67448p4,, mg , 40,,Inositol
67448,, IU , 1250,,Vitamin A
67448,, IU , 150,,Vitamin D
67448,, IU , 4.0,,Vitamin E
67448,, mcg , 12,,Vitamin K
67448,, mcg , 250,,Thiamin (Vitamin B1)
67448,, mcg , 620,,Riboflavin (Vitamin B2)
67448,, mcg , 250,,Vitamin B6
67448,, mcg , 0.55,,Vitamin B12
67448,, mcg , 5000,,Niacin
67448,, mcg , 37,,Folic Acid (Folacin)
67448,, mcg , 1900,,Pantothenic Acid
67448,, mcg , 37,,Biotin
67448,, mg , 37,,Vitamin C (Ascorbic Acid)
67448,, mg , 10,,Choline
67448,, mg , 40,,Inositol
5372976e,, IU , 1.5,,Vitamin E
5372976e,, mcg , 8,,Vitamin K
5372976e,, mcg , 100,,Thiamin (Vitamin B1)
5372976e,, mcg , 160,,Riboflavin (Vitamin B2)
5372976e,, mcg , 63,,Vitamin B6
5372976e,, mcg , 0.26,,Vitamin B12
5372976e,, mcg , 1100,,Niacin
5372976e,, mcg , 16,,Folic Acid (Folacin)
5372976e,, mcg , 470,,Pantothenic Acid
5372976e,, mcg , 4.6,,Biotin
5372976e,, mg , 9,,Vitamin C (Ascorbic Acid)
5372976e,, mg , 24,,Choline
5372976e,, mg , 4.5,,Inositol
5372976e,, IU , 300,,Vitamin A
5372976e,, IU , 60,,Vitamin D
5081978e,, IU , 1.5,,Vitamin E
5081978e,, mcg , 11,,Vitamin K
5081978e,, mcg , 63,,Thiamin (Vitamin B1)
5081978e,, mcg , 95,,Riboflavin (Vitamin B2)
5081978e,, mcg , 63,,Vitamin B6
5081978e,, mcg , 0.47,,Vitamin B12
5081978e,, mcg , 1400,,Niacin
5081978e,, mcg , 16,,Folic Acid (Folacin)
5081978e,, mcg , 780,,Pantothenic Acid
5081978e,, mcg , 4.7,,Biotin
5081978e,, mg , 9,,Vitamin C (Ascorbic Acid)
5081978e,, mg , 24,,Choline
5081978e,, mg , 5,,Inositol
5081978e,, IU , 300,,Vitamin A
5081978e,, IU , 60,,Vitamin D
00850e,, IU , 300,,Vitamin A
00850e,, IU , 60,,Vitamin D
00850e,, IU , 1.5,,Vitamin E
00850e,, mcg , 8,,Vitamin K
00850e,, mcg , 100,,Thiamin (Vitamin B1)
00850e,, mcg , 150,,Riboflavin (Vitamin B2)
00850e,, mcg , 60,,Vitamin B6
00850e,, mcg , 0.3,,Vitamin B12
00850e,, mcg , 1050,,Niacin
00850e,, mcg , 15,,Folic Acid (Folacin)
00850e,, mcg , 450,,Pantothenic Acid
00850e,, mcg , 5,,Biotin
00850e,, mg , 9,,Vitamin C (Ascorbic Acid)
00850e,, mg , 12,,Choline
00850e,, mg , 24,,Inositol
5082178e,, IU , 1.5,,Vitamin E
5082178e,, mcg , 8,,Vitamin K
5082178e,, mcg , 100,,Thiamin (Vitamin B1)
5082178e,, mcg , 150,,Riboflavin (Vitamin B2)
5082178e,, mcg , 60,,Vitamin B6
5082178e,, mcg , 0.25,,Vitamin B12
5082178e,, mcg , 1050,,Niacin
5082178e,, mcg , 15,,Folic Acid (Folacin)
5082178e,, mcg , 450,,Pantothenic Acid
5082178e,, mcg , 4.4,,Biotin
5082178e,, mg , 9,,Vitamin C (Ascorbic Acid)
5082178e,, mg , 16,,Choline
5082178e,, mg , 4.7,,Inositol
5082178e,, IU , 300,,Vitamin A
5082178e,, IU , 60,,Vitamin D
62599,, IU , 1.5,,Vitamin E
62599,, mcg , 8,,Vitamin K
62599,, mcg , 100,,Thiamin (Vitamin B1)
62599,, mcg , 160,,Riboflavin (Vitamin B2)
62599,, mcg , 63,,Vitamin B6
62599,, mcg , 0.26,,Vitamin B12
62599,, mcg , 1100,,Niacin
62599,, mcg , 16,,Folic Acid (Folacin)
62599,, mcg , 470,,Pantothenic Acid
62599,, mcg , 4.6,,Biotin
62599,, mg , 9,,Vitamin C (Ascorbic Acid)
62599,, mg , 24,,Choline
62599,, mg , 4.5,,Inositol
62599,, IU , 300,,Vitamin A
62599,, IU , 60,,Vitamin D
54598p50,, mcg , 2.1,,Vitamin K
54598p50,, mcg , 58,,Thiamin (Vitamin B1)
54598p50,, mcg , 104,,Riboflavin (Vitamin B2)
54598p50,, mcg , 53,,Vitamin B6
54598p50,, mcg , 0.16,,Vitamin B12
54598p50,, mcg , 893,,Niacin
54598p50,, mcg , 5.75,,Folic Acid (Folacin)
54598p50,, mcg , 375,,Pantothenic Acid
54598p50,, mcg , 6.5,,Biotin
54598p50,, mg , 6.3,,Vitamin C (Ascorbic Acid)
54598p50,, mg , 0.5,,Choline
54598p50,, mg , 1,,Inositol
54598p50,, IU , 155,,Vitamin A
54598p50,, IU , 30,,Vitamin D
54598p50,, IU , 0.8,,Vitamin E
5081978,, IU , 1.5,,Vitamin E
5081978,, mcg , 11,,Vitamin K
5081978,, mcg , 63,,Thiamin (Vitamin B1)
5081978,, mcg , 95,,Riboflavin (Vitamin B2)
5081978,, mcg , 63,,Vitamin B6
5081978,, mcg , 0.47,,Vitamin B12
5081978,, mcg , 1400,,Niacin
5081978,, mcg , 16,,Folic Acid (Folacin)
5081978,, mcg , 780,,Pantothenic Acid
5081978,, mcg , 4.7,,Biotin
5081978,, mg , 9,,Vitamin C (Ascorbic Acid)
5081978,, mg , 24,,Choline
5081978,, mg , 5,,Inositol
5081978,, IU , 300,,Vitamin A
5081978,, IU , 60,,Vitamin D
5596378,, IU , 1.5,,Vitamin E
5596378,, mcg , 11,,Vitamin K
5596378,, mcg , 60,,Thiamin (Vitamin B1)
5596378,, mcg , 90,,Riboflavin (Vitamin B2)
5596378,, mcg , 60,,Vitamin B6
5596378,, mcg , 0.45,,Vitamin B12
5596378,, mcg , 1350,,Niacin
5596378,, mcg , 15,,Folic Acid (Folacin)
5596378,, mcg , 750,,Pantothenic Acid
5596378,, mcg , 4.5,,Biotin
5596378,, mg , 9,,Vitamin C (Ascorbic Acid)
5596378,, mg , 12,,Choline
5596378,, mg , 5,,Inositol
5596378,, IU , 300,,Vitamin A
5596378,, IU , 60,,Vitamin D
56271,, IU , 1250,,Vitamin A
56271,, IU , 150,,Vitamin D
56271,, IU , 4.0,,Vitamin E
56271,, mcg , 12,,Vitamin K
56271,, mcg , 250,,Thiamin (Vitamin B1)
56271,, mcg , 620,,Riboflavin (Vitamin B2)
56271,, mcg , 250,,Vitamin B6
56271,, mcg , 0.55,,Vitamin B12
56271,, mcg , 5000,,Niacin
56271,, mcg , 37,,Folic Acid (Folacin)
56271,, mcg , 1900,,Pantothenic Acid
56271,, mcg , 37,,Biotin
56271,, mg , 37,,Vitamin C (Ascorbic Acid)
56271,, mg , 10,,Choline
56271,, mg , 40,,Inositol
56265,, IU , 1250,,Vitamin A
56265,, IU , 150,,Vitamin D
56265,, IU , 4.0,,Vitamin E
56265,, mcg , 12,,Vitamin K
56265,, mcg , 250,,Thiamin (Vitamin B1)
56265,, mcg , 620,,Riboflavin (Vitamin B2)
56265,, mcg , 250,,Vitamin B6
56265,, mcg , 0.55,,Vitamin B12
56265,, mcg , 5000,,Niacin
56265,, mcg , 37,,Folic Acid (Folacin)
56265,, mcg , 1900,,Pantothenic Acid
56265,, mcg , 37,,Biotin
56265,, mg , 37,,Vitamin C (Ascorbic Acid)
56265,, mg , 10,,Choline
56265,, mg , 40,,Inositol
5697578,, IU , 1.5,,Vitamin E
5697578,, mcg , 11,,Vitamin K
5697578,, mcg , 60,,Thiamin (Vitamin B1)
5697578,, mcg , 90,,Riboflavin (Vitamin B2)
5697578,, mcg , 60,,Vitamin B6
5697578,, mcg , 0.45,,Vitamin B12
5697578,, mcg , 1350,,Niacin
5697578,, mcg , 15,,Folic Acid (Folacin)
5697578,, mcg , 750,,Pantothenic Acid
5697578,, mcg , 4.5,,Biotin
5697578,, mg , 9,,Vitamin C (Ascorbic Acid)
5697578,, mg , 12,,Choline
5697578,, mg , 5,,Inositol
5697578,, IU , 300,,Vitamin A
5697578,, IU , 60,,Vitamin D
62595,, IU , 1.5,,Vitamin E
62595,, mcg , 8,,Vitamin K
62595,, mcg , 100,,Thiamin (Vitamin B1)
62595,, mcg , 160,,Riboflavin (Vitamin B2)
62595,, mcg , 63,,Vitamin B6
62595,, mcg , 0.26,,Vitamin B12
62595,, mcg , 1100,,Niacin
62595,, mcg , 16,,Folic Acid (Folacin)
62595,, mcg , 470,,Pantothenic Acid
62595,, mcg , 4.6,,Biotin
62595,, mg , 9,,Vitamin C (Ascorbic Acid)
62595,, mg , 24,,Choline
62595,, mg , 4.5,,Inositol
62595,, IU , 300,,Vitamin A
62595,, IU , 60,,Vitamin D
5367678,, IU , 1.5,,Vitamin E
5367678,, mcg , 8,,Vitamin K
5367678,, mcg , 100,,Thiamin (Vitamin B1)
5367678,, mcg , 160,,Riboflavin (Vitamin B2)
5367678,, mcg , 63,,Vitamin B6
5367678,, mcg , 0.26,,Vitamin B12
5367678,, mcg , 1100,,Niacin
5367678,, mcg , 16,,Folic Acid (Folacin)
5367678,, mcg , 470,,Pantothenic Acid
5367678,, mcg , 4.6,,Biotin
5367678,, mg , 9,,Vitamin C (Ascorbic Acid)
5367678,, mg , 24,,Choline
5367678,, mg , 4.5,,Inositol
5367678,, IU , 300,,Vitamin A
5367678,, IU , 60,,Vitamin D
5753378,, IU , 1.5,,Vitamin E
5753378,, mcg , 8,,Vitamin K
5753378,, mcg , 100,,Thiamin (Vitamin B1)
5753378,, mcg , 160,,Riboflavin (Vitamin B2)
5753378,, mcg , 63,,Vitamin B6
5753378,, mcg , 0.26,,Vitamin B12
5753378,, mcg , 1100,,Niacin
5753378,, mcg , 16,,Folic Acid (Folacin)
5753378,, mcg , 470,,Pantothenic Acid
5753378,, mcg , 4.6,,Biotin
5753378,, mg , 9,,Vitamin C (Ascorbic Acid)
5753378,, mg , 24,,Choline
5753378,, mg , 4.5,,Inositol
5753378,, IU , 300,,Vitamin A
5753378,, IU , 60,,Vitamin D
5753578,, IU , 300,,Vitamin A
5753578,, IU , 60,,Vitamin D
5753578,, IU , 3,,Vitamin E
5753578,, mcg , 8,,Vitamin K
5753578,, mcg , 100,,Thiamin (Vitamin B1)
5753578,, mcg , 150,,Riboflavin (Vitamin B2)
5753578,, mcg , 60,,Vitamin B6
5753578,, mcg , 0.25,,Vitamin B12
5753578,, mcg , 1050,,Niacin
5753578,, mcg , 15,,Folic Acid (Folacin)
5753578,, mcg , 450,,Pantothenic Acid
5753578,, mcg , 4.4,,Biotin
5753578,, mg , 9,,Vitamin C (Ascorbic Acid)
5753578,, mg , 16,,Choline
5753578,, mg , 4.3,,Inositol
54598,, mcg , 2.1,,Vitamin K
54598,, mcg , 58,,Thiamin (Vitamin B1)
54598,, mcg , 104,,Riboflavin (Vitamin B2)
54598,, mcg , 53,,Vitamin B6
54598,, mcg , 0.16,,Vitamin B12
54598,, mcg , 893,,Niacin
54598,, mcg , 5.75,,Folic Acid (Folacin)
54598,, mcg , 375,,Pantothenic Acid
54598,, mcg , 6.5,,Biotin
54598,, mg , 6.3,,Vitamin C (Ascorbic Acid)
54598,, mg , 0.5,,Choline
54598,, mg , 1,,Inositol
54598,, IU , 155,,Vitamin A
54598,, IU , 30,,Vitamin D
54598,, IU , 0.8,,Vitamin E
5372976,, IU , 1.5,,Vitamin E
5372976,, mcg , 8,,Vitamin K
5372976,, mcg , 100,,Thiamin (Vitamin B1)
5372976,, mcg , 160,,Riboflavin (Vitamin B2)
5372976,, mcg , 63,,Vitamin B6
5372976,, mcg , 0.26,,Vitamin B12
5372976,, mcg , 1100,,Niacin
5372976,, mcg , 16,,Folic Acid (Folacin)
5372976,, mcg , 470,,Pantothenic Acid
5372976,, mcg , 4.6,,Biotin
5372976,, mg , 9,,Vitamin C (Ascorbic Acid)
5372976,, mg , 24,,Choline
5372976,, mg , 4.5,,Inositol
5372976,, IU , 300,,Vitamin A
5372976,, IU , 60,,Vitamin D
5095976,, IU , 1.5,,Vitamin E
5095976,, mcg , 8,,Vitamin K
5095976,, mcg , 100,,Thiamin (Vitamin B1)
5095976,, mcg , 160,,Riboflavin (Vitamin B2)
5095976,, mcg , 63,,Vitamin B6
5095976,, mcg , 0.26,,Vitamin B12
5095976,, mcg , 1100,,Niacin
5095976,, mcg , 16,,Folic Acid (Folacin)
5095976,, mcg , 470,,Pantothenic Acid
5095976,, mcg , 4.6,,Biotin
5095976,, mg , 9,,Vitamin C (Ascorbic Acid)
5095976,, mg , 24,,Choline
5095976,, mg , 4.5,,Inositol
5095976,, IU , 300,,Vitamin A
5095976,, IU , 60,,Vitamin D
5082178,, IU , 1.5,,Vitamin E
5082178,, mcg , 8,,Vitamin K
5082178,, mcg , 100,,Thiamin (Vitamin B1)
5082178,, mcg , 150,,Riboflavin (Vitamin B2)
5082178,, mcg , 60,,Vitamin B6
5082178,, mcg , 0.25,,Vitamin B12
5082178,, mcg , 1050,,Niacin
5082178,, mcg , 15,,Folic Acid (Folacin)
5082178,, mcg , 450,,Pantothenic Acid
5082178,, mcg , 4.4,,Biotin
5082178,, mg , 9,,Vitamin C (Ascorbic Acid)
5082178,, mg , 16,,Choline
5082178,, mg , 4.7,,Inositol
5082178,, IU , 300,,Vitamin A
5082178,, IU , 60,,Vitamin D
5697378,, IU , 75,,Vitamin D
5697378,, IU , 1.5,,Vitamin E
5697378,, mcg , 8,,Vitamin K
5697378,, mcg , 100,,Thiamin (Vitamin B1)
5697378,, mcg , 150,,Riboflavin (Vitamin B2)
5697378,, mcg , 60,,Vitamin B6
5697378,, mcg , 0.25,,Vitamin B12
5697378,, mcg , 1050,,Niacin
5697378,, mcg , 15,,Folic Acid (Folacin)
5697378,, mcg , 450,,Pantothenic Acid
5697378,, mcg , 4.4,,Biotin
5697378,, mg , 9,,Vitamin C (Ascorbic Acid)
5697378,, mg , 16,,Choline
5697378,, mg , 4.7,,Inositol
5697378,, IU , 300,,Vitamin A
51004,, % , 93.7,,Water
51004,, % , 10.0,,Dextrose
51004,,,,,Calories : 40
57231,, mcg , 5,25,Vitamin D
57231,,,,25,Vitamin A :
57231,,,,50,Vitamin C :
57231,,,,50,Vitamin E :
57231,,,,20,Vitamin K :
57231,,,,25,Thiamin :
57231,,,,25,Riboflavin :
57231,,,,35,Niacin :
57231,,,,25,Vitamin B6 :
57231,,,,25,Folate :
57231,,,,25,Vitamin B12 :
57231,,,,25,Biotin :
57231,,,,25,Pantothenic Acid :
57231,,,,25,Choline :
66899,, mcg , 14,70.0,Vitamin D
66899,,,,30.0,Vitamin A :
66899,,,,50.0,Vitamin C :
66899,,,,25.0,Vitamin E :
66899,,,,25.0,Vitamin K :
66899,,,,25.0,Thiamin :
66899,,,,25.0,Riboflavin :
66899,,,,50.0,Niacin :
66899,,,,25.0,Vitamin B6 :
66899,,,,25.0,Folate :
66899,, mcg , 60,,Folic Acid
66899,,,,25.0,Vitamin B12 :
66899,,,,25.0,Biotin :
66899,,,,25.0,Pantothenic Acid :
66899,,,,15.0,Choline :
66893,, mcg , 14,70.0,Vitamin D
66893,,,,30.0,Vitamin A :
66893,,,,50.0,Vitamin C :
66893,,,,25.0,Vitamin E :
66893,,,,25.0,Vitamin K :
66893,,,,25.0,Thiamin :
66893,,,,25.0,Riboflavin :
66893,,,,50.0,Niacin :
66893,,,,25.0,Vitamin B6 :
66893,,,,25.0,Folate :
66893,, mcg , 60,,Folic Acid
66893,,,,25.0,Vitamin B12 :
66893,,,,25.0,Biotin :
66893,,,,25.0,Pantothenic Acid :
66893,,,,15.0,Choline :
57237,, mcg , 5,25,Vitamin D
57237,,,,25,Vitamin A :
57237,,,,50,Vitamin C :
57237,,,,50,Vitamin E :
57237,,,,20,Vitamin K :
57237,,,,25,Thiamin :
57237,,,,25,Riboflavin :
57237,,,,35,Niacin :
57237,,,,25,Vitamin B6 :
57237,,,,25,Folate :
57237,,,,25,Vitamin B12 :
57237,,,,25,Biotin :
57237,,,,25,Pantothenic Acid :
57237,,,,25,Choline :
67281,, mcg , 14,70.0,Vitamin D
67281,,,,30.0,Vitamin A :
67281,,,,50.0,Vitamin C :
67281,,,,25.0,Vitamin E :
67281,,,,25.0,Vitamin K :
67281,,,,25.0,Thiamin :
67281,,,,25.0,Riboflavin :
67281,,,,50.0,Niacin :
67281,,,,25.0,Vitamin B6 :
67281,,,,25.0,Folate :
67281,, mcg , 60,,Folic Acid
67281,,,,25.0,Vitamin B12 :
67281,,,,25.0,Biotin :
67281,,,,25.0,Pantothenic Acid :
67281,,,,15.0,Choline :
67165,, mcg , 14,70.0,Vitamin D
67165,,,,30.0,Vitamin A :
67165,,,,50.0,Vitamin C :
67165,,,,25.0,Vitamin E :
67165,,,,25.0,Vitamin K :
67165,,,,25.0,Thiamin :
67165,,,,25.0,Riboflavin :
67165,,,,50.0,Niacin :
67165,,,,25.0,Vitamin B6 :
67165,,,,25.0,Folate :
67165,, mcg , 60,,Folic Acid
67165,,,,25.0,Vitamin B12 :
67165,,,,25.0,Biotin :
67165,,,,25.0,Pantothenic Acid :
67165,,,,15.0,Choline :
64903,, mcg , 4,20.0,Vitamin D
64903,,,,25.0,Vitamin A :
64903,,,,30.0,Vitamin C :
64903,,,,15.0,Vitamin E :
64903,,,,15.0,Vitamin K :
64903,,,,25.0,Thiamin :
64903,,,,25.0,Riboflavin :
64903,,,,25.0,Niacin :
64903,,,,25.0,Vitamin B6 :
64903,,,,25.0,Folate :
64903,, mcg , 60,,Folic Acid
64903,,,,25.0,Vitamin B12 :
64903,,,,15.0,Biotin :
64903,,,,15.0,Pantothenic Acid :
64900,, mcg , 4,20.0,Vitamin D
64900,,,,25.0,Vitamin A :
64900,,,,30.0,Vitamin C :
64900,,,,15.0,Vitamin E :
64900,,,,15.0,Vitamin K :
64900,,,,25.0,Thiamin :
64900,,,,25.0,Riboflavin :
64900,,,,25.0,Niacin :
64900,,,,25.0,Vitamin B6 :
64900,,,,25.0,Folate :
64900,, mcg , 60,,Folic Acid
64900,,,,25.0,Vitamin B12 :
64900,,,,15.0,Biotin :
64900,,,,15.0,Pantothenic Acid :
66910,, mcg , 5,25,Vitamin D
66910,,,,25,Vitamin A :
66910,,,,50,Vitamin C :
66910,,,,50,Vitamin E :
66910,,,,20,Vitamin K :
66910,,,,25,Thiamin :
66910,,,,25,Riboflavin :
66910,,,,35,Niacin :
66910,,,,25,Vitamin B6 :
66910,,,,25,Folate :
66910,,,,25,Vitamin B12 :
66910,,,,25,Biotin :
66910,,,,25,Pantothenic Acid :
66910,,,,25,Choline :
64117,, mcg , 8,40.0,Vitamin D
64117,,,,25.0,Vitamin A :
64117,,,,50.0,Vitamin C :
64117,,,,50.0,Vitamin E :
64117,,,,20.0,Vitamin K :
64117,,,,40.0,Thiamin :
64117,,,,40.0,Riboflavin :
64117,,,,60.0,Niacin :
64117,,,,40.0,Vitamin B6 :
64117,,,,40.0,Folate :
64117,, mcg , 96,,Folic Acid
64117,,,,40.0,Vitamin B12 :
64117,,,,40.0,Biotin :
64117,,,,40.0,Pantothenic Acid :
64117,,,,25.0,Choline :
64115,, mcg , 8,40.0,Vitamin D
64115,,,,25.0,Vitamin A :
64115,,,,50.0,Vitamin C :
64115,,,,50.0,Vitamin E :
64115,,,,20.0,Vitamin K :
64115,,,,40.0,Thiamin :
64115,,,,40.0,Riboflavin :
64115,,,,60.0,Niacin :
64115,,,,40.0,Vitamin B6 :
64115,,,,40.0,Folate :
64115,, mcg , 96,,Folic Acid
64115,,,,40.0,Vitamin B12 :
64115,,,,40.0,Biotin :
64115,,,,40.0,Pantothenic Acid :
64115,,,,25.0,Choline :
67330,, mcg , 8,40.0,Vitamin D
67330,,,,25.0,Vitamin A :
67330,,,,50.0,Vitamin C :
67330,,,,50.0,Vitamin E :
67330,,,,20.0,Vitamin K :
67330,,,,40.0,Thiamin :
67330,,,,40.0,Riboflavin :
67330,,,,60.0,Niacin :
67330,,,,40.0,Vitamin B6 :
67330,,,,40.0,Folate :
67330,, mcg , 96,,Folic Acid
67330,,,,40.0,Vitamin B12 :
67330,,,,40.0,Biotin :
67330,,,,40.0,Pantothenic Acid :
67330,,,,25.0,Choline :
66546,, mcg , 8,40.0,Vitamin D
66546,,,,25.0,Vitamin A :
66546,,,,50.0,Vitamin C :
66546,,,,50.0,Vitamin E :
66546,,,,20.0,Vitamin K :
66546,,,,40.0,Thiamin :
66546,,,,40.0,Riboflavin :
66546,,,,60.0,Niacin :
66546,,,,40.0,Vitamin B6 :
66546,,,,40.0,Folate :
66546,, mcg , 96,,Folic Acid
66546,,,,40.0,Vitamin B12 :
66546,,,,40.0,Biotin :
66546,,,,40.0,Pantothenic Acid :
66546,,,,25.0,Choline :
53809,, mcg , 8,40.0,Vitamin D
53809,,,,25.0,Vitamin A :
53809,,,,50.0,Vitamin C :
53809,,,,50.0,Vitamin E :
53809,,,,20.0,Vitamin K :
53809,,,,25.0,Thiamin :
53809,,,,25.0,Riboflavin :
53809,,,,40.0,Niacin :
53809,,,,25.0,Vitamin B6 :
53809,,,,25.0,Folate :
53809,, mcg , 60,,Folic Acid
53809,,,,25.0,Vitamin B12 :
53809,,,,25.0,Biotin :
53809,,,,25.0,Pantothenic Acid :
53809,,,,25.0,Choline :
57266,, mcg , 8,40.0,Vitamin D
57266,,,,25.0,Vitamin A :
57266,,,,50.0,Vitamin C :
57266,,,,50.0,Vitamin E :
57266,,,,20.0,Vitamin K :
57266,,,,25.0,Thiamin :
57266,,,,25.0,Riboflavin :
57266,,,,40.0,Niacin :
57266,,,,25.0,Vitamin B6 :
57266,,,,25.0,Folate :
57266,, mcg , 60,,Folic Acid
57266,,,,25.0,Vitamin B12 :
57266,,,,25.0,Biotin :
57266,,,,25.0,Pantothenic Acid :
57266,,,,25.0,Choline :
57269,, mcg , 8,40.0,Vitamin D
57269,,,,25.0,Vitamin A :
57269,,,,50.0,Vitamin C :
57269,,,,50.0,Vitamin E :
57269,,,,20.0,Vitamin K :
57269,,,,25.0,Thiamin :
57269,,,,25.0,Riboflavin :
57269,,,,45.0,Niacin :
57269,,,,25.0,Vitamin B6 :
57269,,,,25.0,Folate :
57269,, mcg , 60,,Folic Acid
57269,,,,25.0,Vitamin B12 :
57269,,,,25.0,Biotin :
57269,,,,25.0,Pantothenic Acid :
57269,,,,25.0,Choline :
57263,, mcg , 8,40.0,Vitamin D
57263,,,,25.0,Vitamin A :
57263,,,,50.0,Vitamin C :
57263,,,,50.0,Vitamin E :
57263,,,,20.0,Vitamin K :
57263,,,,25.0,Thiamin :
57263,,,,25.0,Riboflavin :
57263,,,,45.0,Niacin :
57263,,,,25.0,Vitamin B6 :
57263,,,,25.0,Folate :
57263,, mcg , 60,,Folic Acid
57263,,,,25.0,Vitamin B12 :
57263,,,,25.0,Biotin :
57263,,,,25.0,Pantothenic Acid :
57263,,,,25.0,Choline :
64121,, mcg , 1.5,8.0,Vitamin D
64121,,,,25.0,Vitamin A :
64121,,,,20.0,Vitamin C :
64121,,,,25.0,Vitamin E :
64121,,,,15.0,Vitamin K :
64121,,,,25.0,Thiamin :
64121,,,,25.0,Riboflavin :
64121,,,,40.0,Niacin :
64121,,,,20.0,Vitamin B6 :
64121,,,,70.0,Folate :
64121,, mcg , 160,,Folic Acid
64121,,,,40.0,Vitamin B12 :
64121,,,,150.0,Biotin :
64121,,,,30.0,Pantothenic Acid :
64123,, mcg , 1.5,8.0,Vitamin D
64123,,,,25.0,Vitamin A :
64123,,,,20.0,Vitamin C :
64123,,,,25.0,Vitamin E :
64123,,,,15.0,Vitamin K :
64123,,,,25.0,Thiamin :
64123,,,,25.0,Riboflavin :
64123,,,,40.0,Niacin :
64123,,,,20.0,Vitamin B6 :
64123,,,,70.0,Folate :
64123,, mcg , 160,,Folic Acid
64123,,,,40.0,Vitamin B12 :
64123,,,,150.0,Biotin :
64123,,,,40.0,Pantothenic Acid :
57272,, mcg , 8,40.0,Vitamin D
57272,,,,25.0,Vitamin A :
57272,,,,50.0,Vitamin C :
57272,,,,50.0,Vitamin E :
57272,,,,20.0,Vitamin K :
57272,,,,25.0,Thiamin :
57272,,,,25.0,Riboflavin :
57272,,,,45.0,Niacin :
57272,,,,25.0,Vitamin B6 :
57272,,,,25.0,Folate :
57272,, mcg , 60,,Folic Acid
57272,,,,25.0,Vitamin B12 :
57272,,,,25.0,Biotin :
57272,,,,25.0,Pantothenic Acid :
57272,,,,25.0,Choline :
64293,, mcg , 12,60.0,Vitamin D
64293,,,,25.0,Vitamin A :
64293,,,,70.0,Vitamin C :
64293,,,,100.0,Vitamin E :
64293,,,,20.0,Vitamin K :
64293,,,,40.0,Thiamin :
64293,,,,40.0,Riboflavin :
64293,,,,50.0,Niacin :
64293,,,,40.0,Vitamin B6 :
64293,,,,40.0,Folate :
64293,, mcg , 96,,Folic Acid
64293,,,,40.0,Vitamin B12 :
64293,,,,40.0,Biotin :
64293,,,,40.0,Pantothenic Acid :
64293,,,,25.0,Choline :
64296,, mcg , 12,60.0,Vitamin D
64296,,,,25.0,Vitamin A :
64296,,,,70.0,Vitamin C :
64296,,,,100.0,Vitamin E :
64296,,,,20.0,Vitamin K :
64296,,,,40.0,Thiamin :
64296,,,,40.0,Riboflavin :
64296,,,,50.0,Niacin :
64296,,,,40.0,Vitamin B6 :
64296,,,,40.0,Folate :
64296,, mcg , 96,,Folic Acid
64296,,,,40.0,Vitamin B12 :
64296,,,,40.0,Biotin :
64296,,,,40.0,Pantothenic Acid :
64296,,,,25.0,Choline :
64291,, mcg , 12,60.0,Vitamin D
64291,,,,25.0,Vitamin A :
64291,,,,70.0,Vitamin C :
64291,,,,100.0,Vitamin E :
64291,,,,20.0,Vitamin K :
64291,,,,40.0,Thiamin :
64291,,,,40.0,Riboflavin :
64291,,,,50.0,Niacin :
64291,,,,40.0,Vitamin B6 :
64291,,,,40.0,Folate :
64291,, mcg , 96,,Folic Acid
64291,,,,40.0,Vitamin B12 :
64291,,,,40.0,Biotin :
64291,,,,40.0,Pantothenic Acid :
64291,,,,25.0,Choline :
66437p4,, mcg , 11,20,Selenium
66437p4,, mg , 3,25,Zinc
65044,, mcg , 11,20,Selenium
65044,, mg , 3,25,Zinc
66436,, mcg RAE , 450,,Vitamin A
66436,, mcg , 500,,Beta-Carotene
66436,, mcg , 5,,Vitamin D
66436,, mg , 8,,Vitamin E
66436,, mcg , 24,,Vitamin K
66436,, mg , 23,,Vitamin C
66436,, mcg DFE , 142,,Folate
66436,, mcg , 85,,Folic Acid
66436,, mg , 0.48,,Thiamin (Vitamin B1)
66436,, mg , 0.65,,Riboflavin (Vitamin B2)
66436,, mg , 0.68,,Vitamin B6
66436,, mcg , 0.72,,Vitamin B12
66436,, mg NE , 6.4,,Niacin
66436,, mg , 82.5,,Choline
66436,, mcg , 11,,Biotin
66436,, mg , 2.7,,Pantothenic Acid
65047,, mcg RAE , 450,,Vitamin A
65047,, mcg , 500,,Beta-Carotene
65047,, mcg , 5,,Vitamin D
65047,, mg , 8,,Vitamin E
65047,, mcg , 24,,Vitamin K
65047,, mg , 23,,Vitamin C
65047,, mcg DFE , 142,,Folate
65047,, mcg , 85,,Folic Acid
65047,, mg , 0.48,,Thiamin (Vitamin B1)
65047,, mg , 0.65,,Riboflavin (Vitamin B2)
65047,, mg , 0.68,,Vitamin B6
65047,, mcg , 0.72,,Vitamin B12
65047,, mg NE , 6.4,,Niacin
65047,, mg , 82.5,,Choline
65047,, mcg , 11,,Biotin
65047,, mg , 2.7,,Pantothenic Acid
67453,, mcg , 10,50.0,Vitamin D
67453,,,,25.0,Vitamin A :
67453,,,,50.0,Vitamin C :
67453,,,,25.0,Vitamin E :
67453,,,,30.0,Vitamin K :
67453,,,,40.0,Thiamin :
67453,,,,25.0,Riboflavin :
67453,,,,25.0,Niacin :
67453,,,,25.0,Vitamin B6 :
67453,,,,25.0,Folate :
67453,, mcg , 60,,Folic Acid
67453,,,,25.0,Vitamin B12 :
67453,,,,25.0,Biotin :
67453,,,,25.0,Pantothenic Acid :
67453,,,,25.0,Choline :
67450,, mcg , 10,50.0,Vitamin D
67450,,,,25.0,Vitamin A :
67450,,,,50.0,Vitamin C :
67450,,,,25.0,Vitamin E :
67450,,,,30.0,Vitamin K :
67450,,,,40.0,Thiamin :
67450,,,,25.0,Riboflavin :
67450,,,,25.0,Niacin :
67450,,,,25.0,Vitamin B6 :
67450,,,,25.0,Folate :
67450,, mcg , 60,,Folic Acid
67450,,,,25.0,Vitamin B12 :
67450,,,,25.0,Biotin :
67450,,,,25.0,Pantothenic Acid :
67450,,,,25.0,Choline :
67475,, mg , 370,8,Potassium
67475,, mg , 840,35,Chloride
67472,, mg , 370,8,Potassium
67472,, mg , 840,35,Chloride
54844,, mcg , 1,6.0,Vitamin D
54844,,,,15.0,Vitamin A :
54844,,,,10.0,Vitamin C :
54844,,,,25.0,Vitamin E :
54844,,,,10.0,Vitamin K :
54844,,,,20.0,Thiamin :
54844,,,,20.0,Riboflavin :
54844,,,,15.0,Niacin :
54844,,,,20.0,Vitamin B6 :
54844,,,,25.0,Folate :
54844,, mcg , 60,,Folic Acid
54844,,,,25.0,Vitamin B12 :
54844,,,,150.0,Biotin :
54844,,,,30.0,Pantothenic Acid :
54846,, mcg , 1,6.0,Vitamin D
54846,,,,15.0,Vitamin A :
54846,,,,10.0,Vitamin C :
54846,,,,25.0,Vitamin E :
54846,,,,10.0,Vitamin K :
54846,,,,15.0,Thiamin :
54846,,,,20.0,Riboflavin :
54846,,,,20.0,Niacin :
54846,,,,20.0,Vitamin B6 :
54846,,,,25.0,Folate :
54846,, mcg , 60,,Folic Acid
54846,,,,25.0,Vitamin B12 :
54846,,,,150.0,Biotin :
54846,,,,35.0,Pantothenic Acid :
67217,, mcg , 6,30.0,Vitamin D
67217,,,,15.0,Vitamin A :
67217,,,,20.0,Vitamin C :
67217,,,,20.0,Vitamin E :
67217,,,,15.0,Vitamin K :
67217,,,,30.0,Thiamin :
67217,,,,50.0,Riboflavin :
67217,,,,30.0,Niacin :
67217,,,,40.0,Vitamin B6 :
67217,,,,30.0,Folate :
67217,, mcg , 72,,Folic Acid
67217,,,,10.0,Vitamin B12 :
67217,,,,30.0,Biotin :
67217,,,,50.0,Pantothenic Acid :
67217,,,,10.0,Choline :
67214,, mcg , 6,30.0,Vitamin D
67214,,,,15.0,Vitamin A :
67214,,,,20.0,Vitamin C :
67214,,,,20.0,Vitamin E :
67214,,,,15.0,Vitamin K :
67214,,,,30.0,Thiamin :
67214,,,,50.0,Riboflavin :
67214,,,,30.0,Niacin :
67214,,,,40.0,Vitamin B6 :
67214,,,,30.0,Folate :
67214,, mcg , 72,,Folic Acid
67214,,,,10.0,Vitamin B12 :
67214,,,,30.0,Biotin :
67214,,,,50.0,Pantothenic Acid :
67214,,,,10.0,Choline :
58049,, mcg , 6,30.0,Vitamin D
58049,,,,15.0,Vitamin A :
58049,,,,25.0,Vitamin C :
58049,,,,20.0,Vitamin E :
58049,,,,15.0,Vitamin K :
58049,,,,25.0,Thiamin :
58049,,,,25.0,Riboflavin :
58049,,,,20.0,Niacin :
58049,,,,20.0,Vitamin B6 :
58049,,,,15.0,Folate :
58049,, mcg , 36,,Folic Acid
58049,,,,20.0,Vitamin B12 :
58049,,,,25.0,Biotin :
58049,,,,25.0,Pantothenic Acid :
58049,,,,15.0,Choline :
58055,, mcg , 6,30.0,Vitamin D
58055,,,,15.0,Vitamin A :
58055,,,,25.0,Vitamin C :
58055,,,,20.0,Vitamin E :
58055,,,,15.0,Vitamin K :
58055,,,,25.0,Thiamin :
58055,,,,25.0,Riboflavin :
58055,,,,20.0,Niacin :
58055,,,,20.0,Vitamin B6 :
58055,,,,15.0,Folate :
58055,, mcg , 36,,Folic Acid
58055,,,,20.0,Vitamin B12 :
58055,,,,25.0,Biotin :
58055,,,,25.0,Pantothenic Acid :
58055,,,,15.0,Choline :
53818,, mcg , 6,30.0,Vitamin D
53818,,,,15.0,Vitamin A :
53818,,,,25.0,Vitamin C :
53818,,,,20.0,Vitamin E :
53818,,,,15.0,Vitamin K :
53818,,,,25.0,Thiamin :
53818,,,,25.0,Riboflavin :
53818,,,,20.0,Niacin :
53818,,,,20.0,Vitamin B6 :
53818,,,,15.0,Folate :
53818,, mcg , 36,,Folic Acid
53818,,,,20.0,Vitamin B12 :
53818,,,,25.0,Biotin :
53818,,,,25.0,Pantothenic Acid :
53818,,,,15.0,Choline :
66912,, mcg , 6,30.0,Vitamin D
66912,,,,15.0,Vitamin A :
66912,,,,25.0,Vitamin C :
66912,,,,20.0,Vitamin E :
66912,,,,15.0,Vitamin K :
66912,,,,25.0,Thiamin :
66912,,,,25.0,Riboflavin :
66912,,,,20.0,Niacin :
66912,,,,20.0,Vitamin B6 :
66912,,,,15.0,Folate :
66912,, mcg , 36,,Folic Acid
66912,,,,20.0,Vitamin B12 :
66912,,,,25.0,Biotin :
66912,,,,25.0,Pantothenic Acid :
66912,,,,15.0,Choline :
58058,, mcg , 6,30.0,Vitamin D
58058,,,,15.0,Vitamin A :
58058,,,,25.0,Vitamin C :
58058,,,,20.0,Vitamin E :
58058,,,,15.0,Vitamin K :
58058,,,,25.0,Thiamin :
58058,,,,25.0,Riboflavin :
58058,,,,20.0,Niacin :
58058,,,,20.0,Vitamin B6 :
58058,,,,15.0,Folate :
58058,, mcg , 36,,Folic Acid
58058,,,,20.0,Vitamin B12 :
58058,,,,25.0,Biotin :
58058,,,,25.0,Pantothenic Acid :
58058,,,,15.0,Choline :
66639,, mcg , 6,30.0,Vitamin D
66639,,,,15.0,Vitamin A :
66639,,,,25.0,Vitamin C :
66639,,,,20.0,Vitamin E :
66639,,,,15.0,Vitamin K :
66639,,,,25.0,Thiamin :
66639,,,,25.0,Riboflavin :
66639,,,,20.0,Niacin :
66639,,,,20.0,Vitamin B6 :
66639,,,,15.0,Folate :
66639,, mcg , 36,,Folic Acid
66639,,,,20.0,Vitamin B12 :
66639,,,,25.0,Biotin :
66639,,,,25.0,Pantothenic Acid :
66639,,,,15.0,Choline :
66959e,, mcg , 3.6,20.0,Vitamin D
66959e,,,,10.0,Vitamin A :
66959e,,,,20.0,Vitamin C :
66959e,,,,10.0,Vitamin E :
66959e,,,,8.0,Vitamin K :
66959e,,,,45.0,Thiamin :
66959e,,,,30.0,Riboflavin :
66959e,,,,15.0,Niacin :
66959e,,,,25.0,Vitamin B6 :
66959e,,,,20.0,Folate :
66959e,, mcg , 45,,Folic Acid
66959e,,,,20.0,Vitamin B12 :
66959e,,,,10.0,Biotin :
66959e,,,,25.0,Pantothenic Acid :
66959e,,,,10.0,Choline :
66916,, mcg , 6,30.0,Vitamin D
66916,,,,15.0,Vitamin A :
66916,,,,25.0,Vitamin C :
66916,,,,20.0,Vitamin E :
66916,,,,15.0,Vitamin K :
66916,,,,25.0,Thiamin :
66916,,,,25.0,Riboflavin :
66916,,,,20.0,Niacin :
66916,,,,20.0,Vitamin B6 :
66916,,,,15.0,Folate :
66916,, mcg , 36,,Folic Acid
66916,,,,20.0,Vitamin B12 :
66916,,,,25.0,Biotin :
66916,,,,25.0,Pantothenic Acid :
66916,,,,15.0,Choline :
66959,, mcg , 3.6,20.0,Vitamin D
66959,,,,10.0,Vitamin A :
66959,,,,20.0,Vitamin C :
66959,,,,10.0,Vitamin E :
66959,,,,8.0,Vitamin K :
66959,,,,45.0,Thiamin :
66959,,,,30.0,Riboflavin :
66959,,,,15.0,Niacin :
66959,,,,25.0,Vitamin B6 :
66959,,,,20.0,Folate :
66959,, mcg , 45,,Folic Acid
66959,,,,20.0,Vitamin B12 :
66959,,,,10.0,Biotin :
66959,,,,25.0,Pantothenic Acid :
66959,,,,10.0,Choline :
66961e,, mcg , 3.6,20.0,Vitamin D
66961e,,,,10.0,Vitamin A :
66961e,,,,20.0,Vitamin C :
66961e,,,,10.0,Vitamin E :
66961e,,,,8.0,Vitamin K :
66961e,,,,45.0,Thiamin :
66961e,,,,30.0,Riboflavin :
66961e,,,,15.0,Niacin :
66961e,,,,25.0,Vitamin B6 :
66961e,,,,20.0,Folate :
66961e,, mcg , 45,,Folic Acid
66961e,,,,20.0,Vitamin B12 :
66961e,,,,10.0,Biotin :
66961e,,,,25.0,Pantothenic Acid :
66961e,,,,10.0,Choline :
66961,, mcg , 3.6,20.0,Vitamin D
66961,,,,10.0,Vitamin A :
66961,,,,20.0,Vitamin C :
66961,,,,10.0,Vitamin E :
66961,,,,8.0,Vitamin K :
66961,,,,45.0,Thiamin :
66961,,,,30.0,Riboflavin :
66961,,,,15.0,Niacin :
66961,,,,25.0,Vitamin B6 :
66961,,,,20.0,Folate :
66961,, mcg , 45,,Folic Acid
66961,,,,20.0,Vitamin B12 :
66961,,,,10.0,Biotin :
66961,,,,25.0,Pantothenic Acid :
66961,,,,10.0,Choline :
66960e,, mcg , 3.6,20.0,Vitamin D
66960e,,,,10.0,Vitamin A :
66960e,,,,20.0,Vitamin C :
66960e,,,,10.0,Vitamin E :
66960e,,,,8.0,Vitamin K :
66960e,,,,45.0,Thiamin :
66960e,,,,30.0,Riboflavin :
66960e,,,,15.0,Niacin :
66960e,,,,25.0,Vitamin B6 :
66960e,,,,20.0,Folate :
66960e,, mcg , 45,,Folic Acid
66960e,,,,20.0,Vitamin B12 :
66960e,,,,10.0,Biotin :
66960e,,,,25.0,Pantothenic Acid :
66960e,,,,10.0,Choline :
66960,, mcg , 3.6,20.0,Vitamin D
66960,,,,10.0,Vitamin A :
66960,,,,20.0,Vitamin C :
66960,,,,10.0,Vitamin E :
66960,,,,8.0,Vitamin K :
66960,,,,45.0,Thiamin :
66960,,,,30.0,Riboflavin :
66960,,,,15.0,Niacin :
66960,,,,25.0,Vitamin B6 :
66960,,,,20.0,Folate :
66960,, mcg , 45,,Folic Acid
66960,,,,20.0,Vitamin B12 :
66960,,,,10.0,Biotin :
66960,,,,25.0,Pantothenic Acid :
66960,,,,10.0,Choline :
66918,, mcg , 6,30.0,Vitamin D
66918,,,,15.0,Vitamin A :
66918,,,,25.0,Vitamin C :
66918,,,,20.0,Vitamin E :
66918,,,,15.0,Vitamin K :
66918,,,,25.0,Thiamin :
66918,,,,25.0,Riboflavin :
66918,,,,20.0,Niacin :
66918,,,,20.0,Vitamin B6 :
66918,,,,15.0,Folate :
66918,, mcg , 36,,Folic Acid
66918,,,,20.0,Vitamin B12 :
66918,,,,25.0,Biotin :
66918,,,,25.0,Pantothenic Acid :
66918,,,,15.0,Choline :
56368,, mcg , 6,30.0,Vitamin D
56368,,,,15.0,Vitamin A :
56368,,,,25.0,Vitamin C :
56368,,,,20.0,Vitamin E :
56368,,,,15.0,Vitamin K :
56368,,,,25.0,Thiamin :
56368,,,,25.0,Riboflavin :
56368,,,,20.0,Niacin :
56368,,,,20.0,Vitamin B6 :
56368,,,,15.0,Folate :
56368,, mcg , 36,,Folic Acid
56368,,,,20.0,Vitamin B12 :
56368,,,,25.0,Biotin :
56368,,,,25.0,Pantothenic Acid :
56368,,,,15.0,Choline :
58052,, mcg , 6,30.0,Vitamin D
58052,,,,15.0,Vitamin A :
58052,,,,25.0,Vitamin C :
58052,,,,20.0,Vitamin E :
58052,,,,15.0,Vitamin K :
58052,,,,25.0,Thiamin :
58052,,,,25.0,Riboflavin :
58052,,,,20.0,Niacin :
58052,,,,20.0,Vitamin B6 :
58052,,,,15.0,Folate :
58052,, mcg , 36,,Folic Acid
58052,,,,20.0,Vitamin B12 :
58052,,,,25.0,Biotin :
58052,,,,25.0,Pantothenic Acid :
58052,,,,15.0,Choline :
58061,, mcg , 6,30.0,Vitamin D
58061,,,,15.0,Vitamin A :
58061,,,,25.0,Vitamin C :
58061,,,,20.0,Vitamin E :
58061,,,,15.0,Vitamin K :
58061,,,,25.0,Thiamin :
58061,,,,25.0,Riboflavin :
58061,,,,20.0,Niacin :
58061,,,,20.0,Vitamin B6 :
58061,,,,15.0,Folate :
58061,, mcg , 36,,Folic Acid
58061,,,,20.0,Vitamin B12 :
58061,,,,25.0,Biotin :
58061,,,,25.0,Pantothenic Acid :
58061,,,,15.0,Choline :
67417,, mcg RAE , 200,,Vitamin A
67417,, mcg , 5.9,,Vitamin D
67417,, mg , 3.7,,Vitamin E
67417,, mcg , 24,,Vitamin K
67417,, mg , 36,,Vitamin C
67417,, mcg DFE , 180,,Folate
67417,, mcg , 107,,Folic Acid
67417,, mg , 1.0,,Thiamin (Vitamin B1)
67417,, mg , 0.80,,Riboflavin (Vitamin B2)
67417,, mg , 1.0,,Vitamin B6
67417,, mcg , 2.1,,Vitamin B12
67417,, mg NE , 7.6,,Niacin
67417,, mg , 120,,Choline
67417,, mcg , 30,,Biotin
67417,, mg , 3.6,,Pantothenic Acid
67417,, mg , 47,,Inositol
67401,, mcg RAE , 140,,Vitamin A
67401,, mcg , 6.0,,Vitamin D
67401,, mg , 3.0,,Vitamin E
67401,, mcg , 18,,Vitamin K
67401,, mg , 23,,Vitamin C
67401,, mcg DFE , 60,,Folate
67401,, mcg , 36,,Folic Acid
67401,, mg , 0.30,,Thiamin (Vitamin B1)
67401,, mg , 0.33,,Riboflavin (Vitamin B2)
67401,, mg , 0.34,,Vitamin B6
67401,, mcg , 0.48,,Vitamin B12
67401,, mg NE , 3.2,,Niacin
67401,, mg , 80,,Choline
67401,, mcg , 8.0,,Biotin
67401,, mg , 1.3,,Pantothenic Acid
67401,, mg , 20,,Inositol
67378,, mcg RAE , 140,,Vitamin A
67378,, mcg , 6.0,,Vitamin D
67378,, mg , 3.0,,Vitamin E
67378,, mcg , 18,,Vitamin K
67378,, mg , 23,,Vitamin C
67378,, mcg DFE , 60,,Folate
67378,, mcg , 36,,Folic Acid
67378,, mg , 0.30,,Thiamin (Vitamin B1)
67378,, mg , 0.33,,Riboflavin (Vitamin B2)
67378,, mg , 0.34,,Vitamin B6
67378,, mcg , 0.48,,Vitamin B12
67378,, mg NE , 3.2,,Niacin
67378,, mg , 80,,Choline
67378,, mcg , 8.0,,Biotin
67378,, mg , 1.3,,Pantothenic Acid
67378,, mg , 20,,Inositol
67403,, mcg RAE , 140,,Vitamin A
67403,, mcg , 6,,Vitamin D
67403,, mg , 3,,Vitamin E
67403,, mcg , 18,,Vitamin K
67403,, mg , 23,,Vitamin C
67403,, mcg DFE , 60,,Folate
67403,, mcg , 36,,Folic Acid
67403,, mg , 0.3,,Thiamin (Vitamin B1)
67403,, mg , 0.33,,Riboflavin (Vitamin B2)
67403,, mg , 0.34,,Vitamin B6
67403,, mcg , 0.48,,Vitamin B12
67403,, mg NE , 3.2,,Niacin
67403,, mg , 80,,Choline
67403,, mcg , 8,,Biotin
67403,, mg , 1.3,,Pantothenic Acid
67403,, mg , 20,,Inositol
67407,, mcg RAE , 140,,Vitamin A
67407,, mcg , 5.9,,Vitamin D
67407,, mg , 2.5,,Vitamin E
67407,, mcg , 16,,Vitamin K
67407,, mg , 24,,Vitamin C
67407,, mcg DFE , 120,,Folate
67407,, mcg , 71,,Folic Acid
67407,, mg , 0.60,,Thiamin (Vitamin B1)
67407,, mg , 0.50,,Riboflavin (Vitamin B2)
67407,, mg , 0.60,,Vitamin B6
67407,, mcg , 1.4,,Vitamin B12
67407,, mg NE , 5.2,,Niacin
67407,, mg , 80,,Choline
67407,, mcg , 20,,Biotin
67407,, mg , 2.4,,Pantothenic Acid
67407,, mg , 32,,Inositol
67612,, mcg RAE , 140,,Vitamin A
67612,, mcg , 6.0,,Vitamin D
67612,, mg , 3.0,,Vitamin E
67612,, mcg , 18,,Vitamin K
67612,, mg , 23,,Vitamin C
67612,, mcg DFE , 60,,Folate
67612,, mcg , 36,,Folic Acid
67612,, mg , 0.30,,Thiamin (Vitamin B1)
67612,, mg , 0.33,,Riboflavin (Vitamin B2)
67612,, mg , 0.34,,Vitamin B6
67612,, mcg , 0.48,,Vitamin B12
67612,, mg , 80,,Choline
67612,, mg NE , 3.2,,Niacin
67612,, mcg , 8,,Biotin
67612,, mg , 1.3,,Pantothenic Acid
67612,, mg , 20,,Inositol
67374,, mcg RAE , 140,,Vitamin A
67374,, mcg , 6.0,,Vitamin D
67374,, mg , 3.0,,Vitamin E
67374,, mcg , 18,,Vitamin K
67374,, mg , 23,,Vitamin C
67374,, mcg DFE , 60,,Folate
67374,, mcg , 36,,Folic Acid
67374,, mg , 0.30,,Thiamin (Vitamin B1)
67374,, mg , 0.33,,Riboflavin (Vitamin B2)
67374,, mg , 0.34,,Vitamin B6
67374,, mcg , 0.48,,Vitamin B12
67374,, mg NE , 3.2,,Niacin
67374,, mg , 80,,Choline
67374,, mcg , 8.0,,Biotin
67374,, mg , 1.3,,Pantothenic Acid
67374,, mg , 20,,Inositol
67411,, mcg RAE , 140,,Vitamin A
67411,, mcg , 5.9,,Vitamin D
67411,, mg , 2.5,,Vitamin E
67411,, mcg , 16,,Vitamin K
67411,, mg , 24,,Vitamin C
67411,, mcg DFE , 120,,Folate
67411,, mcg , 71,,Folic Acid
67411,, mg , 0.60,,Thiamin (Vitamin B1)
67411,, mg , 0.50,,Riboflavin (Vitamin B2)
67411,, mg , 0.60,,Vitamin B6
67411,, mcg , 1.4,,Vitamin B12
67411,, mg NE , 5.2,,Niacin
67411,, mg , 80,,Choline
67411,, mcg , 20,,Biotin
67411,, mg , 2.4,,Pantothenic Acid
67411,, mg , 32,,Inositol
67413,, mcg RAE , 140,,Vitamin A
67413,, mcg , 5.9,,Vitamin D
67413,, mg , 2.5,,Vitamin E
67413,, mcg , 16,,Vitamin K
67413,, mg , 24,,Vitamin C
67413,, mcg DFE , 120,,Folate
67413,, mg , 0.60,,Thiamin (Vitamin B1)
67413,, mg , 0.50,,Riboflavin (Vitamin B2)
67413,, mg , 0.60,,Vitamin B6
67413,, mcg , 1.4,,Vitamin B12
67413,, mg NE , 5.2,,Niacin
67413,, mg , 80,,Choline
67413,, mcg , 20,,Biotin
67413,, mg , 2.4,,Pantothenic Acid
67413,, mg , 32,,Inositol
67426p6,, mg , 840,35,Chloride
67426p6,, mg , 370,8,Potassium
66645,, mg , 630,25,Chloride
66645,, mg , 280,6,Potassium
66645,, mg , 2.8,25,Zinc
67434,, mg , 2.8,25,Zinc
67434,, mg , 630,25,Chloride
67434,, mg , 280,6,Potassium
66641,, mg , 280,6,Potassium
66641,, mg , 2.8,25,Zinc
66641,, mg , 630,25,Chloride
66969p6,, mg , 370,8,Potassium
66969p6,, mg , 840,35,Chloride
63059,, mg , 2.8,25,Zinc
63059,, mg , 440,20,Chloride
63059,, mg , 370,16,Sodium
63059,, mg , 280,6,Potassium
64301,, mg , 370,16,Sodium
64301,, mg , 280,6,Potassium
64301,, mg , 2.8,25,Zinc
64301,, mg , 440,20,Chloride
64307,, mg , 2.8,25,Zinc
64307,, mg , 440,20,Chloride
64307,, mg , 370,16,Sodium
64307,, mg , 280,6,Potassium
64598,, mg , 590,25,Chloride
64598,, mg , 370,8,Potassium
63057,, mg , 2.8,25,Zinc
63057,, mg , 440,20,Chloride
63057,, mg , 370,16,Sodium
63057,, mg , 280,6,Potassium
59892,, mg , 2.8,25,Zinc
59892,, mg , 440,20,Chloride
59892,, mg , 280,6,Potassium
66855,, mg , 630,25,Chloride
66855,, mg , 280,6,Potassium
66855,, mg , 2.8,25,Zinc
66643,, mg , 2.8,25,Zinc
66643,, mg , 630,25,Chloride
66643,, mg , 280,6,Potassium
62605,, mg , 100,2,Potassium
62605,, mg , 160,6,Chloride
67426,, mg , 840,35,Chloride
67426,, mg , 370,8,Potassium
64172,, mg , 370,8,Potassium
64172,, mg , 590,25,Chloride
64177,, mg , 590,25,Chloride
64177,, mg , 370,8,Potassium
66972,, mg , 840,35,Chloride
66972,, mg , 370,8,Potassium
66969,, mg , 370,8,Potassium
66969,, mg , 840,35,Chloride
56090,, mg , 240,10,Sodium
56090,, mg , 290,15,Chloride
56090,, mg , 180,4,Potassium
64595,, mg , 590,25,Chloride
64595,, mg , 370,8,Potassium
64307e,, mg , 2.8,25,Zinc
64307e,, mg , 440,20,Chloride
64307e,, mg , 370,16,Sodium
64307e,, mg , 280,6,Potassium
64172p6,, mg , 370,8,Potassium
64172p6,, mg , 590,25,Chloride
56090p8,, mg , 240,10,Sodium
56090p8,, mg , 290,15,Chloride
56090p8,, mg , 180,4,Potassium
59892p4,, mg , 2.8,25,Zinc
59892p4,, mg , 440,20,Chloride
59892p4,, mg , 280,6,Potassium
64598p6,, mg , 590,25,Chloride
64598p6,, mg , 370,8,Potassium
64177p6,, mg , 590,25,Chloride
64177p6,, mg , 370,8,Potassium
64595p6,, mg , 590,25,Chloride
64595p6,, mg , 370,8,Potassium
66645e,, mg , 630,25,Chloride
66645e,, mg , 280,6,Potassium
66645e,, mg , 2.8,25,Zinc
66855e,, mg , 630,25,Chloride
66855e,, mg , 280,6,Potassium
66855e,, mg , 2.8,25,Zinc
66641e,, mg , 280,6,Potassium
66641e,, mg , 2.8,25,Zinc
66641e,, mg , 630,25,Chloride
67434e,, mg , 2.8,25,Zinc
67434e,, mg , 630,25,Chloride
67434e,, mg , 280,6,Potassium
66643e,, mg , 2.8,25,Zinc
66643e,, mg , 630,25,Chloride
66643e,, mg , 280,6,Potassium
64301e,, mg , 370,16,Sodium
64301e,, mg , 280,6,Potassium
64301e,, mg , 2.8,25,Zinc
64301e,, mg , 440,20,Chloride
66972p6,, mg , 840,35,Chloride
66972p6,, mg , 370,8,Potassium
63059e,, mg , 2.8,25,Zinc
63059e,, mg , 440,20,Chloride
63059e,, mg , 370,16,Sodium
63059e,, mg , 280,6,Potassium
63057e,, mg , 2.8,25,Zinc
63057e,, mg , 440,20,Chloride
63057e,, mg , 370,16,Sodium
63057e,, mg , 280,6,Potassium
67225,, mg , 590,25,Chloride
67225,, mg , 710,15,Potassium
67220p6,, mg , 590,25,Chloride
67220p6,, mg , 710,15,Potassium
67220,, mg , 590,25,Chloride
67220,, mg , 710,15,Potassium
67225p6,, mg , 590,25,Chloride
67225p6,, mg , 710,15,Potassium
64796,, mcg RAE , 180,,Vitamin A
64796,, mcg , 5,,Vitamin D
64796,, mg , 6.8,,Vitamin E
64796,, mcg , 19,,Vitamin K
64796,, mg , 23,,Vitamin C
64796,, mcg DFE , 300,,Folate
64796,, mcg , 180,,Folic Acid
64796,, mg , 0.6,,Thiamin (Vitamin B1)
64796,, mg , 0.5,,Riboflavin (Vitamin B2)
64796,, mg , 2.21,,Vitamin B6
64796,, mcg , 1.2,,Vitamin B12
64796,, mg , 8,,Niacin
64796,, mg , 140,,Choline
64796,, mcg , 15,,Biotin
64796,, mg , 2.25,,Pantothenic Acid
62585,, mcg RAE , 180,,Vitamin A
62585,, mcg , 5,,Vitamin D
62585,, mg , 6.8,,Vitamin E
62585,, mcg , 19,,Vitamin K
62585,, mg , 23,,Vitamin C
62585,, mcg DFE , 300,,Folate
62585,, mcg , 180,,Folic Acid
62585,, mg , 0.6,,Thiamin (Vitamin B1)
62585,, mg , 0.5,,Riboflavin (Vitamin B2)
62585,, mg , 2.21,,Vitamin B6
62585,, mcg , 1.2,,Vitamin B12
62585,, mg , 8,,Niacin
62585,, mg , 140,,Choline
62585,, mcg , 15,,Biotin
62585,, mg , 2.25,,Pantothenic Acid
64798,, mcg RAE , 180,,Vitamin A
64798,, mcg , 5,,Vitamin D
64798,, mg , 6.8,,Vitamin E
64798,, mcg , 19,,Vitamin K
64798,, mg , 23,,Vitamin C
64798,, mcg DFE , 300,,Folate
64798,, mcg , 180,,Folic Acid
64798,, mg , 0.6,,Thiamin (Vitamin B1)
64798,, mg , 0.5,,Riboflavin (Vitamin B2)
64798,, mg , 2.21,,Vitamin B6
64798,, mcg , 1.2,,Vitamin B12
64798,, mg , 8,,Niacin
64798,, mg , 140,,Choline
64798,, mcg , 15,,Biotin
64798,, mg , 2.25,,Pantothenic Acid
66534,, mcg , 12,60.0,Vitamin D
66534,,,,25.0,Vitamin A :
66534,,,,100.0,Vitamin C :
66534,,,,50.0,Vitamin E :
66534,,,,30.0,Vitamin K :
66534,,,,35.0,Thiamin :
66534,,,,30.0,Riboflavin :
66534,,,,25.0,Niacin :
66534,,,,35.0,Vitamin B6 :
66534,,,,30.0,Folate :
66534,, mcg , 72,,Folic Acid
66534,,,,25.0,Vitamin B12 :
66534,,,,25.0,Biotin :
66534,,,,30.0,Pantothenic Acid :
66534,,,,25.0,Choline :
62885,, mcg , 12,60.0,Vitamin D
62885,,,,25.0,Vitamin A :
62885,,,,100.0,Vitamin C :
62885,,,,50.0,Vitamin E :
62885,,,,30.0,Vitamin K :
62885,,,,35.0,Thiamin :
62885,,,,30.0,Riboflavin :
62885,,,,25.0,Niacin :
62885,,,,35.0,Vitamin B6 :
62885,,,,30.0,Folate :
62885,, mcg , 72,,Folic Acid
62885,,,,25.0,Vitamin B12 :
62885,,,,25.0,Biotin :
62885,,,,30.0,Pantothenic Acid :
62885,,,,25.0,Choline :
62882,, mcg , 12,60.0,Vitamin D
62882,,,,25.0,Vitamin A :
62882,,,,100.0,Vitamin C :
62882,,,,50.0,Vitamin E :
62882,,,,30.0,Vitamin K :
62882,,,,35.0,Thiamin :
62882,,,,30.0,Riboflavin :
62882,,,,25.0,Niacin :
62882,,,,35.0,Vitamin B6 :
62882,,,,30.0,Folate :
62882,, mcg , 72,,Folic Acid
62882,,,,25.0,Vitamin B12 :
62882,,,,25.0,Biotin :
62882,,,,30.0,Pantothenic Acid :
62882,,,,25.0,Choline :
57801,, mcg , 12,60.0,Vitamin D
57801,,,,25.0,Vitamin A :
57801,,,,100.0,Vitamin C :
57801,,,,40.0,Vitamin E :
57801,,,,25.0,Vitamin K :
57801,,,,25.0,Thiamin :
57801,,,,25.0,Riboflavin :
57801,,,,30.0,Niacin :
57801,,,,25.0,Vitamin B6 :
57801,,,,25.0,Folate :
57801,, mcg , 60,,Folic Acid
57801,,,,25.0,Vitamin B12 :
57801,,,,25.0,Biotin :
57801,,,,25.0,Pantothenic Acid :
57801,,,,25.0,Choline :
57807,, mcg , 12,60.0,Vitamin D
57807,,,,25.0,Vitamin A :
57807,,,,100.0,Vitamin C :
57807,,,,40.0,Vitamin E :
57807,,,,25.0,Vitamin K :
57807,,,,25.0,Thiamin :
57807,,,,25.0,Riboflavin :
57807,,,,30.0,Niacin :
57807,,,,25.0,Vitamin B6 :
57807,,,,25.0,Folate :
57807,, mcg , 60,,Folic Acid
57807,,,,25.0,Vitamin B12 :
57807,,,,25.0,Biotin :
57807,,,,25.0,Pantothenic Acid :
57807,,,,25.0,Choline :
66794,, mcg , 12,60.0,Vitamin D
66794,,,,25.0,Vitamin A :
66794,,,,100.0,Vitamin C :
66794,,,,40.0,Vitamin E :
66794,,,,25.0,Vitamin K :
66794,,,,25.0,Thiamin :
66794,,,,25.0,Riboflavin :
66794,,,,30.0,Niacin :
66794,,,,25.0,Vitamin B6 :
66794,,,,25.0,Folate :
66794,, mcg , 60,,Folic Acid
66794,,,,25.0,Vitamin B12 :
66794,,,,25.0,Biotin :
66794,,,,25.0,Pantothenic Acid :
66794,,,,25.0,Choline :
57810,, mcg , 12,60.0,Vitamin D
57810,,,,25.0,Vitamin A :
57810,,,,100.0,Vitamin C :
57810,,,,40.0,Vitamin E :
57810,,,,25.0,Vitamin K :
57810,,,,25.0,Thiamin :
57810,,,,25.0,Riboflavin :
57810,,,,30.0,Niacin :
57810,,,,25.0,Vitamin B6 :
57810,,,,25.0,Folate :
57810,, mcg , 60,,Folic Acid
57810,,,,25.0,Vitamin B12 :
57810,,,,25.0,Biotin :
57810,,,,25.0,Pantothenic Acid :
57810,,,,25.0,Choline :
57804,, mcg , 12,60.0,Vitamin D
57804,,,,25.0,Vitamin A :
57804,,,,100.0,Vitamin C :
57804,,,,40.0,Vitamin E :
57804,,,,25.0,Vitamin K :
57804,,,,25.0,Thiamin :
57804,,,,25.0,Riboflavin :
57804,,,,30.0,Niacin :
57804,,,,25.0,Vitamin B6 :
57804,,,,25.0,Folate :
57804,, mcg , 60,,Folic Acid
57804,,,,25.0,Vitamin B12 :
57804,,,,25.0,Biotin :
57804,,,,25.0,Pantothenic Acid :
57804,,,,25.0,Choline :
67067,, mcg , 10,50.0,Vitamin D
67067,,,,50.0,Vitamin A :
67067,,,,100.0,Vitamin C :
67067,,,,50.0,Vitamin E :
67067,,,,30.0,Vitamin K :
67067,,,,50.0,Thiamin :
67067,,,,50.0,Riboflavin :
67067,,,,45.0,Niacin :
67067,,,,50.0,Vitamin B6 :
67067,,,,35.0,Folate :
67067,, mcg , 84,,Folic Acid
67067,,,,50.0,Vitamin B12 :
67067,,,,50.0,Biotin :
67067,,,,50.0,Pantothenic Acid :
67067,,,,35.0,Choline :
59856,, mcg , 3,15.0,Vitamin D
59856,,,,15.0,Vitamin A :
59856,,,,60.0,Vitamin C :
59856,,,,20.0,Vitamin E :
59856,,,,10.0,Vitamin K :
59856,,,,20.0,Thiamin :
59856,,,,30.0,Riboflavin :
59856,,,,20.0,Niacin :
59856,,,,30.0,Vitamin B6 :
59856,,,,25.0,Folate :
59856,, mcg , 60,,Folic Acid
59856,,,,50.0,Vitamin B12 :
59856,,,,20.0,Biotin :
59856,,,,35.0,Pantothenic Acid :
59856,,,,15.0,Choline :
67070,, mcg , 10,50.0,Vitamin D
67070,,,,50.0,Vitamin A :
67070,,,,100.0,Vitamin C :
67070,,,,50.0,Vitamin E :
67070,,,,30.0,Vitamin K :
67070,,,,50.0,Thiamin :
67070,,,,50.0,Riboflavin :
67070,,,,45.0,Niacin :
67070,,,,50.0,Vitamin B6 :
67070,,,,35.0,Folate :
67070,, mcg , 84,,Folic Acid
67070,,,,50.0,Vitamin B12 :
67070,,,,50.0,Biotin :
67070,,,,50.0,Pantothenic Acid :
67070,,,,35.0,Choline :
59859,, mcg , 3,15.0,Vitamin D
59859,,,,15.0,Vitamin A :
59859,,,,60.0,Vitamin C :
59859,,,,20.0,Vitamin E :
59859,,,,10.0,Vitamin K :
59859,,,,20.0,Thiamin :
59859,,,,30.0,Riboflavin :
59859,,,,20.0,Niacin :
59859,,,,30.0,Vitamin B6 :
59859,,,,25.0,Folate :
59859,,,,50.0,Vitamin B12 :
59859,, mcg , 60,,Folic Acid
59859,,,,20.0,Biotin :
59859,,,,35.0,Pantothenic Acid :
59859,,,,15.0,Choline :
64913,, IU , 1500<sup>†</sup>,,Vitamin A
64913,, mg , 0.5,,Beta-Carotene
64913,, IU , 67,,Vitamin D
64913,, IU , 7.5,,Vitamin E
64913,, mcg , 14,,Vitamin K
64913,, mg , 50,,Vitamin C
64913,, mcg , 100,,Folic Acid
64913,, mg , 0.38,,Vitamin B1
64913,, mg , 0.43,,Vitamin B2
64913,, mg , 0.50,,Vitamin B6
64913,, mcg , 1.5,,Vitamin B12
64913,, mg , 5.0,,Niacin
64913,, mg , 100,,Choline
64913,, mcg , 75,,Biotin
64913,, mg , 2.5,,Pantothenic Acid
64918,, mg , 200,,m-Inositol
64918,, IU , 1840<sup>†</sup>,,Vitamin A
64918,, mg , 0.63,,Beta-Carotene
64918,, IU , 82,,Vitamin D
64918,, IU , 9.2,,Vitamin E
64918,, mcg , 24,,Vitamin K
64918,, mg , 62,,Vitamin C
64918,, mcg , 76,,Folic Acid
64918,, mg , 0.29,,Vitamin B1
64918,, mg , 0.33,,Vitamin B2
64918,, mg , 0.38,,Vitamin B6
64918,, mcg , 1.2,,Vitamin B12
64918,, mg , 3.8,,Niacin
64918,, mg , 105,,Choline
64918,, mcg , 57,,Biotin
64918,, mg , 1.9,,Pantothenic Acid
66906,, mcg , 1.5,8.0,Vitamin D
66906,,,,15.0,Vitamin A :
66906,,,,6.0,Vitamin C :
66906,,,,15.0,Vitamin E :
66906,,,,6.0,Vitamin K :
66906,,,,15.0,Thiamin :
66906,,,,15.0,Riboflavin :
66906,,,,15.0,Niacin :
66906,,,,10.0,Vitamin B6 :
66906,, mcg DFE , 65,15.0,Folate
66906,, mcg , 40,,Folic Acid
66906,,,,25.0,Vitamin B12 :
66906,,,,100.0,Biotin :
66906,,,,20.0,Pantothenic Acid :
64920,, mg , 205,,m-Inositol
64920,, IU , 2060<sup>†</sup>,,Vitamin A
64920,, mg , 0.79,,Beta-Carotene
64920,, IU , 102,,Vitamin D
64920,, IU , 12,,Vitamin E
64920,, mcg , 30,,Vitamin K
64920,, mg , 78,,Vitamin C
64920,, mcg , 95,,Folic Acid
64920,, mg , 0.36,,Vitamin B1
64920,, mg , 0.41,,Vitamin B2
64920,, mg , 0.48,,Vitamin B6
64920,, mcg , 1.5,,Vitamin B12
64920,, mg , 4.8,,Niacin
64920,, mg , 131,,Choline
64920,, mcg , 75,,Biotin
64920,, mg , 2.4,,Pantothenic Acid
66905,, mcg , 1.5,8.0,Vitamin D
66905,,,,15.0,Vitamin A :
66905,,,,6.0,Vitamin C :
66905,,,,15.0,Vitamin E :
66905,,,,6.0,Vitamin K :
66905,,,,15.0,Thiamin :
66905,,,,15.0,Riboflavin :
66905,,,,15.0,Niacin :
66905,,,,10.0,Vitamin B6 :
66905,, mcg DFE , 65,15.0,Folate
66905,, mcg , 40,,Folic Acid
66905,,,,25.0,Vitamin B12 :
66905,,,,100.0,Biotin :
66905,,,,20.0,Pantothenic Acid :
66884,, mcg , 0.3,2.0,Vitamin D
66884,,,,25.0,Vitamin A :
66884,,,,10.0,Vitamin C :
66884,,,,15.0,Vitamin E :
66884,,,,20.0,Thiamin :
66884,,,,35.0,Riboflavin :
66884,,,,50.0,Niacin :
66884,,,,20.0,Vitamin B6 :
66884,,,,20.0,Folate :
66884,, mcg , 48,,Folic Acid
66884,,,,10.0,Vitamin B12 :
66884,,,,90.0,Biotin :
66884,,,,30.0,Pantothenic Acid :
66887,, mcg , 0.5,2.0,Vitamin D
66887,,,,25.0,Vitamin A :
66887,,,,10.0,Vitamin C :
66887,,,,15.0,Vitamin E :
66887,,,,20.0,Thiamin :
66887,,,,35.0,Riboflavin :
66887,,,,50.0,Niacin :
66887,,,,20.0,Vitamin B6 :
66887,,,,20.0,Folate :
66887,, mcg , 48,,Folic Acid
66887,,,,10.0,Vitamin B12 :
66887,,,,90.0,Biotin :
66887,,,,30.0,Pantothenic Acid :
66903,, mcg , 1.5,8.0,Vitamin D
66903,,,,15.0,Vitamin A :
66903,,,,6.0,Vitamin C :
66903,,,,15.0,Vitamin E :
66903,,,,6.0,Vitamin K :
66903,,,,15.0,Thiamin :
66903,,,,15.0,Riboflavin :
66903,,,,15.0,Niacin :
66903,,,,10.0,Vitamin B6 :
66903,, mcg DFE , 65,15.0,Folate
66903,, mcg , 40,,Folic Acid
66903,,,,25.0,Vitamin B12 :
66903,,,,100.0,Biotin :
66903,,,,20.0,Pantothenic Acid :
67272,, mcg , 2,10.0,Vitamin D
67272,,,,35.0,Vitamin A :
67272,,,,30.0,Vitamin C :
67272,,,,30.0,Vitamin E :
67272,,,,20.0,Vitamin K :
67272,,,,30.0,Thiamin :
67272,,,,35.0,Riboflavin :
67272,,,,35.0,Niacin :
67272,,,,25.0,Vitamin B6 :
67272,,,,70.0,Folate :
67272,, mcg , 170,,Folic Acid
67272,,,,35.0,Vitamin B12 :
67272,,,,200.0,Biotin :
67272,,,,30.0,Pantothenic Acid :
67257,, mcg , 2,10.0,Vitamin D
67257,,,,35.0,Vitamin A :
67257,,,,30.0,Vitamin C :
67257,,,,30.0,Vitamin E :
67257,,,,20.0,Vitamin K :
67257,,,,30.0,Thiamin :
67257,,,,35.0,Riboflavin :
67257,,,,35.0,Niacin :
67257,,,,25.0,Vitamin B6 :
67257,,,,70.0,Folate :
67257,, mcg , 170,,Folic Acid
67257,,,,40.0,Vitamin B12 :
67257,,,,200.0,Biotin :
67257,,,,30.0,Pantothenic Acid :
67247,, mcg , 10,50.0,Vitamin D
67247,,,,25.0,Vitamin A :
67247,,,,25.0,Vitamin E :
67247,,,,20.0,Vitamin K :
67247,,,,50.0,Thiamin :
67247,,,,40.0,Riboflavin :
67247,,,,20.0,Niacin :
67247,,,,30.0,Vitamin B6 :
67247,, mcg DFE , 80,20.0,Folate
67247,, mcg , 50,,Folic Acid
67247,,,,110.0,Vitamin B12 :
67247,,,,30.0,Biotin :
67247,,,,40.0,Pantothenic Acid :
67298,, mg , 450,35,Calcium
67298,, mg , 1000,20,Potassium
67254,, mcg , 2,10.0,Vitamin D
67254,,,,35.0,Vitamin A :
67254,,,,30.0,Vitamin C :
67254,,,,30.0,Vitamin E :
67254,,,,15.0,Vitamin K :
67254,,,,25.0,Thiamin :
67254,,,,35.0,Riboflavin :
67254,,,,35.0,Niacin :
67254,,,,25.0,Vitamin B6 :
67254,,,,68.0,Folate :
67254,, mcg , 160,,Folic Acid
67254,,,,35.0,Vitamin B12 :
67254,,,,200.0,Biotin :
67254,,,,30.0,Pantothenic Acid :
67500,, mcg , 0,0.0,Vitamin D
67500,,,,15.0,Vitamin A :
67500,,,,40.0,Vitamin C :
67500,,,,20.0,Vitamin E :
67500,,,,25.0,Thiamin :
67500,,,,10.0,Riboflavin :
67500,,,,40.0,Niacin :
67500,,,,40.0,Vitamin B6 :
67500,, mcg DFE , 130,35.0,Folate
67500,, mcg , 80,,Folic Acid
67500,,,,70.0,Vitamin B12 :
67500,,,,80.0,Biotin :
67500,,,,40.0,Pantothenic Acid :
67260,, mg , 450,35,Calcium
67260,, mg , 1000,20,Potassium
67263,, mg , 450,35,Calcium
67263,, mg , 1000,20,Potassium
67495,, mcg , 0,0.0,Vitamin D
67495,,,,15.0,Vitamin A :
67495,,,,40.0,Vitamin C :
67495,,,,20.0,Vitamin E :
67495,,,,25.0,Thiamin :
67495,,,,10.0,Riboflavin :
67495,,,,40.0,Niacin :
67495,,,,40.0,Vitamin B6 :
67495,, mcg DFE , 130,35.0,Folate
67495,, mcg , 80,,Folic Acid
67495,,,,70.0,Vitamin B12 :
67495,,,,80.0,Biotin :
67495,,,,40.0,Pantothenic Acid :
67510,, mcg , 0,0.0,Vitamin D
67510,,,,10.0,Vitamin A :
67510,,,,40.0,Vitamin C :
67510,,,,20.0,Vitamin E :
67510,,,,25.0,Thiamin :
67510,,,,10.0,Riboflavin :
67510,,,,40.0,Niacin :
67510,,,,40.0,Vitamin B6 :
67510,, mcg DFE , 130,35.0,Folate
67510,, mcg , 80,,Folic Acid
67510,,,,70.0,Vitamin B12 :
67510,,,,80.0,Biotin :
67510,,,,40.0,Pantothenic Acid :
67500p12,, mcg , 0,0.0,Vitamin D
67500p12,,,,15.0,Vitamin A :
67500p12,,,,40.0,Vitamin C :
67500p12,,,,20.0,Vitamin E :
67500p12,,,,25.0,Thiamin :
67500p12,,,,10.0,Riboflavin :
67500p12,,,,40.0,Niacin :
67500p12,,,,40.0,Vitamin B6 :
67500p12,, mcg DFE , 130,35.0,Folate
67500p12,, mcg , 80,,Folic Acid
67500p12,,,,70.0,Vitamin B12 :
67500p12,,,,80.0,Biotin :
67500p12,,,,40.0,Pantothenic Acid :
67510p12,, mcg , 0,0.0,Vitamin D
67510p12,,,,10.0,Vitamin A :
67510p12,,,,40.0,Vitamin C :
67510p12,,,,20.0,Vitamin E :
67510p12,,,,25.0,Thiamin :
67510p12,,,,10.0,Riboflavin :
67510p12,,,,40.0,Niacin :
67510p12,,,,40.0,Vitamin B6 :
67510p12,, mcg DFE , 130,35.0,Folate
67510p12,, mcg , 80,,Folic Acid
67510p12,,,,70.0,Vitamin B12 :
67510p12,,,,80.0,Biotin :
67510p12,,,,40.0,Pantothenic Acid :
67495p12,, mcg , 0,0.0,Vitamin D
67495p12,,,,15.0,Vitamin A :
67495p12,,,,40.0,Vitamin C :
67495p12,,,,20.0,Vitamin E :
67495p12,,,,25.0,Thiamin :
67495p12,,,,10.0,Riboflavin :
67495p12,,,,40.0,Niacin :
67495p12,,,,40.0,Vitamin B6 :
67495p12,, mcg DFE , 130,35.0,Folate
67495p12,, mcg , 80,,Folic Acid
67495p12,,,,70.0,Vitamin B12 :
67495p12,,,,80.0,Biotin :
67495p12,,,,40.0,Pantothenic Acid :
