item_id,nutrient,measure,value,perc_daily_recom
56525,Calories : 100,,,
56525,Volume, mL , 148,
56525,Protein, g , 2.07,
56525,Fat, g , 5.40,
56525,Carbohydrate, g , 10.9,
56525,Water, g , 133,
56525,Linoleic Acid, mg , 860,
56308,Calories : 100,,,
56308,Volume, mL , 155.5,
56308,Protein, g , 2.45,
56308,Fat, g , 5.46,
56308,Carbohydrate, g , 10.4,
56308,Water, g , 141,
56308,Linoleic Acid, mg , 1000,
62139,Calories : 100,,,
62139,Volume, mL , 155.5,
62139,Protein, g , 2.14,
62139,Fat, g , 5.40,
62139,Carbohydrate, g , 11,
62139,Water, g , 140,
62139,Linoleic Acid, mg , 1000,
62139,Potential Renal Solute Load, mOsm , 20.3,
66937e,Calories : 100,,,
66937e,Volume, mL , 156,
66937e,Protein, g , 2.32,
66937e,Fat, g , 5.4,
66937e,Carbohydrate, g , 11,
66937e,Water, g , 141,
66937e,Linoleic Acid, mg , 1000,
66939e,Calories : 100,,,
66939e,Volume, mL , 156,
66939e,Protein, g , 2.32,
66939e,Fat, g , 5.4,
66939e,Carbohydrate, g , 11,
66939e,Water, g , 141,
66939e,Linoleic Acid, mg , 1000,
66937,Calories : 100,,,
66937,Volume, mL , 156,
66937,Protein, g , 2.32,
66937,Fat, g , 5.4,
66937,Carbohydrate, g , 11,
66937,Water, g , 141,
66937,Linoleic Acid, mg , 1000,
67446,Calories : 100,,,
67446,Volume, mL , 123.22,
67446,Protein, g , 3.0,
67446,Fat, g , 5.43,
67446,Carbohydrate, g , 10.3,
67446,Water, g , 109,
67446,Linoleic Acid, mg , 700,
67446,Potential Renal Solute Load, mOsm , 27.8,
66939,Calories : 100,,,
66939,Volume, mL , 156,
66939,Protein, g , 2.32,
66939,Fat, g , 5.4,
66939,Carbohydrate, g , 11,
66939,Water, g , 141,
66939,Linoleic Acid, mg , 1000,
51002,Water, % , 96.6,
51002,Dextrose, % , 5.0,
51002,Calories : 6,,,
67448p4,Calories : 100,,,
67448p4,Volume, mL , 98.58,
67448p4,Protein, g , 3.0,
67448p4,Fat, g , 6.61,
67448p4,Carbohydrate, g , 7.73,
67448p4,Water, g , 84,
67448p4,Linoleic Acid, mg , 700,
67448p4,Potential Renal Solute Load, mOsm , 27.8,
67448,Calories : 100,,,
67448,Volume, mL , 98.58,
67448,Protein, g , 3.0,
67448,Fat, g , 6.61,
67448,Carbohydrate, g , 7.73,
67448,Water, g , 84,
67448,Linoleic Acid, mg , 700,
67448,Potential Renal Solute Load, mOsm , 27.8,
5372976e,Calories : 100,,,
5372976e,Volume, mL , 155.5,
5372976e,Protein, g , 2.14,
5372976e,Fat, g , 5.40,
5372976e,Carbohydrate, g , 11,
5372976e,Water, g , 140,
5372976e,Linoleic Acid, mg , 1000,
5081978e,Calories : 100,,,
5081978e,Volume, mL , 156,
5081978e,Protein, g , 2.45,
5081978e,Fat, g , 5.46,
5081978e,Carbohydrate, g , 10.4,
5081978e,Water, g , 141,
5081978e,Linoleic Acid, mg , 1000,
00850e,Calories : 100,,,
00850e,Volume, mL , 148,
00850e,Protein, g , 2.2,
00850e,Fat, g , 5.6,
00850e,Carbohydrate, g , 10.2,
00850e,Water, g , 134,
00850e,Linoleic Acid, mg , 1000,
00850e,Potential Renal Solute Load, mOsm , 18.3,
5082178e,Calories : 100,,,
5082178e,Volume, mL , 148,
5082178e,Protein, g , 2.07,
5082178e,Fat, g , 5.63,
5082178e,Carbohydrate, g , 10.4,
5082178e,Water, g , 133,
5082178e,Linoleic Acid, mg , 860,
62599,Calories : 100,,,
62599,Volume, mL , 155.5,
62599,Protein, g , 2.32,
62599,Fat, g , 5.4,
62599,Carbohydrate, g , 11,
62599,Water, g , 140,
62599,Linoleic Acid, mg , 1000,
54598p50,Calories : 3.5,,,
54598p50,Protein, g , 0.25,
54598p50,Fat, g , 0.09,
54598p50,Carbohydrate, g , 0.45,
54598p50,Water, g , 0,
54598p50,Linoleic Acid, mg , 0,
54598p50,Potential Renal Solute Load, mOsm , 2.8,
5081978,Calories : 100,,,
5081978,Volume, mL , 156,
5081978,Protein, g , 2.45,
5081978,Fat, g , 5.46,
5081978,Carbohydrate, g , 10.4,
5081978,Water, g , 141,
5081978,Linoleic Acid, mg , 1000,
5596378,Calories : 100,,,
5596378,Volume, mL , 148,
5596378,Protein, g , 2.45,
5596378,Fat, g , 5.46,
5596378,Carbohydrate, g , 10.4,
5596378,Water, g , 133,
5596378,Linoleic Acid, mg , 1000,
56271,Calories : 100,,,
56271,Volume, mL , 123.22,
56271,Protein, g , 3.3,
56271,Fat, g , 5.43,
56271,Carbohydrate, g , 10.0,
56271,Water, g , 109,
56271,Linoleic Acid, mg , 700,
56271,Potential Renal Solute Load, mOsm , 29.5,
56265,Calories : 100,,,
56265,Volume, mL , 148,
56265,Protein, g , 3.0,
56265,Fat, g , 5.43,
56265,Carbohydrate, g , 10.3,
56265,Water, g , 133,
56265,Linoleic Acid, mg , 700,
56265,Potential Renal Solute Load, mOsm , 27.8,
5697578,Calories : 100,,,
5697578,Volume, mL , 74,
5697578,Protein, g , 2.45,
5697578,Fat, g , 5.46,
5697578,Carbohydrate, g , 10.4,
5697578,Water, g , 60,
5697578,Linoleic Acid, mg , 1000,
62595,Calories : 100,,,
62595,Volume, mL , 155.5,
62595,Protein, g , 2.32,
62595,Fat, g , 5.4,
62595,Carbohydrate, g , 11,
62595,Water, g , 140,
62595,Linoleic Acid, mg , 1000,
5367678,Calories : 100,,,
5367678,Volume, mL , 156,
5367678,Protein, g , 2.1,
5367678,Fat, g , 5.4,
5367678,Carbohydrate, g , 11.1,
5367678,Water, g , 140,
5367678,Linoleic Acid, mg , 1000,
5753378,Calories : 100,,,
5753378,Volume, mL , 155.5,
5753378,Protein, g , 2.1,
5753378,Fat, g , 5.4,
5753378,Carbohydrate, g , 11.1,
5753378,Water, g , 140,
5753378,Linoleic Acid, mg , 1000,
5753578,Calories : 100,,,
5753578,Volume, mL , 74,
5753578,Protein, g , 2.1,
5753578,Fat, g , 5.4,
5753578,Carbohydrate, g , 11.1,
5753578,Water, g , 60,
5753578,Linoleic Acid, mg , 1000,
5753578,Potential Renal Solute Load, mOsm , 19.9,
54598,Calories : 3.5,,,
54598,Protein, g , 0.25,
54598,Fat, g , 0.09,
54598,Carbohydrate, g , 0.45,
54598,Water, g , 0,
54598,Linoleic Acid, mg , 0,
54598,Potential Renal Solute Load, mOsm , 2.8,
5372976,Calories : 100,,,
5372976,Volume, mL , 155.5,
5372976,Protein, g , 2.14,
5372976,Fat, g , 5.40,
5372976,Carbohydrate, g , 11,
5372976,Water, g , 140,
5372976,Linoleic Acid, mg , 1000,
5095976,Calories : 100,,,
5095976,Volume, mL , 155.5,
5095976,Protein, g , 2.14,
5095976,Fat, g , 5.40,
5095976,Carbohydrate, g , 11,
5095976,Water, g , 140,
5095976,Linoleic Acid, mg , 1000,
5082178,Calories : 100,,,
5082178,Volume, mL , 148,
5082178,Protein, g , 2.07,
5082178,Fat, g , 5.63,
5082178,Carbohydrate, g , 10.4,
5082178,Water, g , 133,
5082178,Linoleic Acid, mg , 860,
5697378,Calories : 100,,,
5697378,Volume, mL , 74,
5697378,Protein, g , 2.07,
5697378,Fat, g , 5.40,
5697378,Carbohydrate, g , 11.2,
5697378,Water, g , 60,
5697378,Linoleic Acid, mg , 1000,
5697378,Potential Renal Solute Load, mOsm , 18.7,
51004,Water, % , 93.7,
51004,Dextrose, % , 10.0,
51004,Calories : 12,,,
57231,Calories : 220,,,
57231,Total Fat, g , 6,8
57231,Saturated Fat, g , 1,5
57231,Trans Fat, g , 0,
57231,Polyunsaturated Fat, g , 2,
57231,Monounsaturated Fat, g , 3,
57231,Cholesterol, mg , <5,<2
57231,Sodium, mg , 210,9
57231,Total Carbohydrate, g , 33,12
57231,Dietary Fiber, g , 1,4
57231,Total Sugars, g , 15,
57231,Added Sugars, g , 14,28
57231,Protein, g , 9,18
57231,Folic Acid, mcg , 60,
66899,Calories : 150,,,
66899,Total Fat, g , 1.5,2.0
66899,Saturated Fat, g , 0.5,3.0
66899,Trans Fat, g , 0,
66899,Cholesterol, mg , 20,7.0
66899,Sodium, mg , 240,10.0
66899,Total Carbohydrate, g , 6,2.0
66899,Dietary Fiber, g , 2,7.0
66899,Total Sugars, g , 1,
66899,Added Sugars, g , 0,0.0
66899,Protein, g , 30,60.0
66899,Potassium, mg , 420,10.0
66893,Calories : 150,,,
66893,Total Fat, g , 1.5,2.0
66893,Saturated Fat, g , 0.5,3.0
66893,Trans Fat, g , 0,
66893,Cholesterol, mg , 20,7.0
66893,Sodium, mg , 240,10.0
66893,Total Carbohydrate, g , 6,2.0
66893,Dietary Fiber, g , 2,7.0
66893,Total Sugars, g , 1,
66893,Added Sugars, g , 0,0.0
66893,Protein, g , 30,60.0
66893,Potassium, mg , 420,10.0
57237,Calories : 220,,,
57237,Total Fat, g , 6,8
57237,Saturated Fat, g , 1,5
57237,Trans Fat, g , 0,
57237,Polyunsaturated Fat, g , 2,
57237,Monounsaturated Fat, g , 3,
57237,Cholesterol, mg , <5,<2
57237,Sodium, mg , 210,9
57237,Total Carbohydrate, g , 32,12
57237,Dietary Fiber, g , <1,<3
57237,Total Sugars, g , 15,
57237,Added Sugars, g , 14,28
57237,Protein, g , 9,18
57237,Folic Acid, mcg , 60,
67281,Calories : 150,,,
67281,Total Fat, g , 1.5,2.0
67281,Saturated Fat, g , 0.5,3.0
67281,Trans Fat, g , 0,
67281,Cholesterol, mg , 20,7.0
67281,Sodium, mg , 140,6.0
67281,Total Carbohydrate, g , 6,2.0
67281,Dietary Fiber, g , 2,7.0
67281,Total Sugars, g , 1,
67281,Added Sugars, g , 0,0.0
67281,Protein, g , 30,60.0
67165,Calories : 150,,,
67165,Total Fat, g , 1.5,2.0
67165,Saturated Fat, g , 0.5,3.0
67165,Trans Fat, g , 0,
67165,Cholesterol, mg , 20,7.0
67165,Sodium, mg , 140,6.0
67165,Total Carbohydrate, g , 6,2.0
67165,Dietary Fiber, g , 2,7.0
67165,Total Sugars, g , 1,
67165,Added Sugars, g , 0,0.0
67165,Protein, g , 30,60.0
64903,Calories : 240,,,
64903,Total Fat, g , 0,0
64903,Saturated Fat, g , 0,0
64903,Trans Fat, g , 0,
64903,Cholesterol, mg , 5,<2
64903,Sodium, mg , 70,3
64903,Total Carbohydrate, g , 52,19
64903,Dietary Fiber, g , 0,0
64903,Total Sugars, g , 30,
64903,Added Sugars, g , 30,60
64903,Protein, g , 8,16
64900,Calories : 240,,,
64900,Total Fat, g , 0,0
64900,Saturated Fat, g , 0,0
64900,Trans Fat, g , 0,
64900,Cholesterol, mg , 5,<2
64900,Sodium, mg , 70,3
64900,Total Carbohydrate, g , 52,19
64900,Dietary Fiber, g , 0,0
64900,Total Sugars, g , 30,
64900,Added Sugars, g , 30,60
64900,Protein, g , 8,16
66910,Calories : 220,,,
66910,Total Fat, g , 6,8
66910,Saturated Fat, g , 1,5
66910,Trans Fat, g , 0,
66910,Polyunsaturated Fat, g , 2,
66910,Monounsaturated Fat, g , 3,
66910,Cholesterol, mg , <5,<2
66910,Sodium, mg , 210,9
66910,Total Carbohydrate, g , 32,12
66910,Dietary Fiber, g , <1,<3
66910,Total Sugars, g , 15,
66910,Added Sugars, g , 14,28
66910,Protein, g , 9,18
66910,Folic Acid, mcg , 60,
64117,Calories : 160,,,
64117,Total Fat, g , 2,3
64117,Saturated Fat, g , 0.5,3
64117,Trans Fat, g , 0,
64117,Polyunsaturated Fat, g , 0.5,
64117,Monounsaturated Fat, g , 1,
64117,Cholesterol, mg , 20,7
64117,Sodium, mg , 210,9
64117,Total Carbohydrate, g , 19,7
64117,Dietary Fiber, g , <1,<3
64117,Total Sugars, g , 4,
64117,Added Sugars, g , 4,7
64117,Protein, g , 16,32
64115,Calories : 160,,,
64115,Total Fat, g , 2,3
64115,Saturated Fat, g , 0.5,3
64115,Trans Fat, g , 0,
64115,Polyunsaturated Fat, g , 0.5,
64115,Monounsaturated Fat, g , 1,
64115,Cholesterol, mg , 20,7
64115,Sodium, mg , 210,9
64115,Total Carbohydrate, g , 19,7
64115,Dietary Fiber, g , <1,<3
64115,Total Sugars, g , 4,
64115,Added Sugars, g , 4,7
64115,Protein, g , 16,32
67330,Calories : 160,,,
67330,Total Fat, g , 2,3
67330,Saturated Fat, g , 0.5,3
67330,Trans Fat, g , 0,
67330,Polyunsaturated Fat, g , 0.5,
67330,Monounsaturated Fat, g , 1,
67330,Cholesterol, mg , 20,7
67330,Sodium, mg , 210,9
67330,Total Carbohydrate, g , 19,7
67330,Dietary Fiber, g , <1,<3
67330,Total Sugars, g , 4,
67330,Added Sugars, g , 4,7
67330,Protein, g , 16,32
66546,Calories : 160,,,
66546,Total Fat, g , 2,3
66546,Saturated Fat, g , 0.5,3
66546,Trans Fat, g , 0,
66546,Polyunsaturated Fat, g , 0.5,
66546,Monounsaturated Fat, g , 1,
66546,Cholesterol, mg , 20,7
66546,Sodium, mg , 210,0
66546,Total Carbohydrate, g , 19,7
66546,Dietary Fiber, g , <1,<3
66546,Total Sugars, g , 4,
66546,Added Sugars, g , 4,7
66546,Protein, g , 16,32
53809,Calories : 350,,,
53809,Total Fat, g , 11,14.0
53809,Saturated Fat, g , 1.5,8.0
53809,Trans Fat, g , 0,
53809,Polyunsaturated Fat, g , 4,
53809,Monounsaturated Fat, g , 5,
53809,Cholesterol, mg , 10,3.0
53809,Sodium, mg , 230,10.0
53809,Total Carbohydrate, g , 50,18.0
53809,Dietary Fiber, g , 1,4.0
53809,Total Sugars, g , 19,
53809,Added Sugars, g , 18,37.0
53809,Protein, g , 13,26.0
57266,Calories : 350,,,
57266,Total Fat, g , 11,14.0
57266,Saturated Fat, g , 1.5,8.0
57266,Trans Fat, g , 0,
57266,Polyunsaturated Fat, g , 4,
57266,Monounsaturated Fat, g , 5,
57266,Cholesterol, mg , 10,3.0
57266,Sodium, mg , 210,9.0
57266,Total Carbohydrate, g , 51,19.0
57266,Dietary Fiber, g , 1,4.0
57266,Total Sugars, g , 22,
57266,Added Sugars, g , 21,43.0
57266,Protein, g , 13,26.0
57269,Calories : 350,,,
57269,Total Fat, g , 11,14
57269,Saturated Fat, g , 1,5
57269,Trans Fat, g , 0,
57269,Polyunsaturated Fat, g , 4,
57269,Monounsaturated Fat, g , 5,
57269,Cholesterol, mg , 10,3
57269,Sodium, mg , 210,9
57269,Total Carbohydrate, g , 50,18
57269,Dietary Fiber, g , <1,<3
57269,Total Sugars, g , 20,
57269,Added Sugars, g , 19,39
57269,Protein, g , 13,26
57263,Calories : 350,,,
57263,Total Fat, g , 11,14
57263,Saturated Fat, g , 1,5
57263,Trans Fat, g , 0,
57263,Polyunsaturated Fat, g , 4,
57263,Monounsaturated Fat, g , 5,
57263,Cholesterol, mg , 10,3
57263,Sodium, mg , 210,9
57263,Total Carbohydrate, g , 50,18
57263,Dietary Fiber, g , <1,<3
57263,Total Sugars, g , 20,
57263,Added Sugars, g , 19,39
57263,Protein, g , 13,26
64121,Calories : 80,,,
64121,Total Fat, g , 2,3.0
64121,Saturated Fat, g , 1,5.0
64121,Trans Fat, g , 0,
64121,Cholesterol, mg , 10,3.0
64121,Sodium, mg , 210,9.0
64121,Total Carbohydrate, g , 3,1.0
64121,Dietary Fiber, g , 1,4.0
64121,Total Sugars, g , 0,
64121,Added Sugars, g , 0,0.0
64121,Protein, g , 12,24.0
64123,Calories : 70,,,
64123,Total Fat, g , 2,3.0
64123,Saturated Fat, g , 0.5,3.0
64123,Trans Fat, g , 0,
64123,Cholesterol, mg , 10,3.0
64123,Sodium, mg , 230,10.0
64123,Total Carbohydrate, g , 2,1.0
64123,Dietary Fiber, g , 0,0.0
64123,Total Sugars, g , 0,
64123,Added Sugars, g , 0,0.0
64123,Protein, g , 12,24.0
57272,Calories : 350,,,
57272,Total Fat, g , 11,14
57272,Saturated Fat, g , 1,5
57272,Trans Fat, g , 0,
57272,Polyunsaturated Fat, g , 4,
57272,Monounsaturated Fat, g , 5,
57272,Cholesterol, mg , 10,3
57272,Sodium, mg , 210,9
57272,Total Carbohydrate, g , 50,18
57272,Dietary Fiber, g , <1,<3
57272,Total Sugars, g , 20,
57272,Added Sugars, g , 19,39
57272,Protein, g , 13,26
64293,Calories : 350,,,
64293,Total Fat, g , 11,14.0
64293,Saturated Fat, g , 1.5,8.0
64293,Trans Fat, g , 0,
64293,Polyunsaturated Fat, g , 3.5,
64293,Monounsaturated Fat, g , 5,
64293,Cholesterol, mg , 10,3.0
64293,Sodium, mg , 260,11.0
64293,Total Carbohydrate, g , 44,16.0
64293,Dietary Fiber, g , 3,11.0
64293,Total Sugars, g , 20,
64293,Added Sugars, g , 20,40.0
64293,Protein, g , 20,40.0
62479,Calories : 180,,,
62479,Total Fat, g , 0,0.0
62479,Saturated Fat, g , 0,0.0
62479,Trans Fat, g , 0,
62479,Cholesterol, mg , 5,2.0
62479,Sodium, mg , 70,3.0
62479,Total Carbohydrate, g , 37,13.0
62479,Dietary Fiber, g , 0,0.0
62479,Total Sugars, g , 18,
62479,Added Sugars, g , 18,36.0
62479,Protein, g , 8,16.0
56500,Calories : 180,,,
56500,Total Fat, g , 0,0.0
56500,Saturated Fat, g , 0,0.0
56500,Trans Fat, g , 0,
56500,Cholesterol, mg , 5,2.0
56500,Sodium, mg , 70,3.0
56500,Total Carbohydrate, g , 37,13.0
56500,Dietary Fiber, g , 0,0.0
56500,Total Sugars, g , 18,
56500,Added Sugars, g , 18,36.0
56500,Protein, g , 8,16.0
64296,Calories : 350,,,
64296,Total Fat, g , 11,14.0
64296,Saturated Fat, g , 1.5,8.0
64296,Trans Fat, g , 0,
64296,Polyunsaturated Fat, g , 3.5,
64296,Monounsaturated Fat, g , 5,
64296,Cholesterol, mg , 10,3.0
64296,Sodium, mg , 260,11.0
64296,Total Carbohydrate, g , 45,16.0
64296,Dietary Fiber, g , 3,11.0
64296,Total Sugars, g , 22,
64296,Added Sugars, g , 22,44.0
64296,Protein, g , 20,40.0
64291,Calories : 350,,,
64291,Total Fat, g , 11,14.0
64291,Saturated Fat, g , 1.5,8.0
64291,Trans Fat, g , 0,
64291,Polyunsaturated Fat, g , 3.5,
64291,Monounsaturated Fat, g , 5,
64291,Cholesterol, mg , 10,3.0
64291,Sodium, mg , 260,11.0
64291,Total Carbohydrate, g , 44,16.0
64291,Dietary Fiber, g , 3,11.0
64291,Total Sugars, g , 20,
64291,Added Sugars, g , 20,40.0
64291,Protein, g , 20,40.0
66437p4,Calories : 200,,,
66437p4,Total Fat, g , 0,0.0
66437p4,Sodium, mg , 180,8.0
66437p4,Total Carbohydrate, g , 50,18.0
66437p4,Total Sugars, g , 6,
66437p4,Added Sugars, g , 6,12.0
66437p4,Protein, g , 0,
65044,Calories : 200,,,
65044,Total Fat, g , 0,0.0
65044,Sodium, mg , 180,8.0
65044,Total Carbohydrate, g , 50,18.0
65044,Total Sugars, g , 6,
65044,Added Sugars, g , 6,12.0
65044,Protein, g , 0,
66436,Protein, g , 18,
66436,L-Arginine, g , 4.2,
66436,Fat, g , 9,
66436,Saturated Fat, g , 3,
66436,Trans Fat, g , 0,
66436,Polyunsaturated Fat, g , 2.5,
66436,Monounsaturated Fat, g , 2.5,
66436,Cholesterol, mg , 15,
66436,Carbohydrate, g , 45,
66436,Dietary Fiber, g , 2,
66436,Total Sugars, g , 19,
66436,Added Sugars, g , 19,
66436,Water, g , 185,
66436,Calories : 330,,,
65047,Protein, g , 18,
65047,L-Arginine, g , 4.2,
65047,Fat, g , 9,
65047,Saturated Fat, g , 3,
65047,Trans Fat, g , 0,
65047,Polyunsaturated Fat, g , 2.5,
65047,Monounsaturated Fat, g , 2.5,
65047,Cholesterol, mg , 15,
65047,Carbohydrate, g , 45,
65047,Dietary Fiber, g , 2,
65047,Total Sugars, g , 19,
65047,Added Sugars, g , 19,
65047,Water, g , 185,
65047,Calories : 330,,,
67453,Calories : 180,,,
67453,Total Fat, g , 6,8.0
67453,Saturated Fat, g , 1,5.0
67453,Trans Fat, g , 0,
67453,Polyunsaturated Fat, g , 1.5,
67453,Monounsaturated Fat, g , 3.5,
67453,Cholesterol, mg , 0,0.0
67453,Sodium, mg , 300,13.0
67453,Total Carbohydrate, g , 14,5.0
67453,Dietary Fiber, g , 5,18.0
67453,Total Sugars, g , 7,
67453,Added Sugars, g , 7,14.0
67453,Protein, g , 20,24.0
67450,Calories : 180,,,
67450,Total Fat, g , 6,8.0
67450,Saturated Fat, g , 1,5.0
67450,Trans Fat, g , 0,
67450,Polyunsaturated Fat, g , 1.5,
67450,Monounsaturated Fat, g , 3.5,
67450,Cholesterol, mg , 0,0.0
67450,Sodium, mg , 300,13.0
67450,Total Carbohydrate, g , 13,5.0
67450,Dietary Fiber, g , 5,18.0
67450,Total Sugars, g , 7,
67450,Added Sugars, g , 7,14.0
67450,Protein, g , 20,24.0
64362,Calories : 220,,,
64362,Calories from Fat : 50,,,
64362,Total Fat, g , 6,9
64362,Saturated Fat, g , 1,5
64362,Trans Fat, g , 0,
64362,Polyunsaturated Fat, g , 3,
64362,Monounsaturated Fat, g , 2,
64362,Cholesterol, mg , 5,2
64362,Sodium, mg , 170,7
64362,Potassium, mg , 350,10
64362,Total Carbohydrate, g , 32,11
64362,Dietary Fiber, g , <1,<4
64362,Sugars, g , 10,
64362,Protein, g , 9,18
64356,Calories : 220,,,
64356,Calories from Fat : 50,,,
64356,Total Fat, g , 6,9.0
64356,Saturated Fat, g , 1,5.0
64356,Trans Fat, g , 0,
64356,Polyunsaturated Fat, g , 3,
64356,Monounsaturated Fat, g , 2,
64356,Cholesterol, mg , 5,2.0
64356,Sodium, mg , 170,7.0
64356,Potassium, mg , 350,10.0
64356,Total Carbohydrate, g , 32,11.0
64356,Dietary Fiber, g , 0,0.0
64356,Sugars, g , 9,
64356,Protein, g , 9,18.0
67475,Calories : 50,,,
67475,Total Fat, g , 0,0.0
67475,Sodium, mg , 650,28.0
67475,Total Carbohydrate, g , 12,4.0
67475,Dietary Fiber, g , 1,5.0
67475,Total Sugars, g , 11,
67475,Added Sugars, g , 11,22.0
67475,Protein, g , 0,
67472,Calories : 50,,,
67472,Total Fat, g , 0,0.0
67472,Sodium, mg , 650,28.0
67472,Total Carbohydrate, g , 12,4.0
67472,Dietary Fiber, g , 1,5.0
67472,Total Sugars, g , 11,
67472,Added Sugars, g , 11,22.0
67472,Protein, g , 0,
54844,Calories : 170,,,
54844,Total Fat, g , 5,6.0
54844,Saturated Fat, g , 1,5.0
54844,Trans Fat, g , 0,
54844,Polyunsaturated Fat, g , 2,
54844,Monounsaturated Fat, g , 1,
54844,Cholesterol, mg , 5,2.0
54844,Sodium, mg , 85,4.0
54844,Total Carbohydrate, g , 30,11.0
54844,Dietary Fiber, g , 3,11.0
54844,Total Sugars, g , 15,
54844,Added Sugars, g , 15,30.0
54844,Protein, g , 4,8.0
54846,Calories : 170,,,
54846,Total Fat, g , 5,6.0
54846,Saturated Fat, g , 1,5.0
54846,Trans Fat, g , 0,
54846,Polyunsaturated Fat, g , 2,
54846,Monounsaturated Fat, g , 1,
54846,Cholesterol, mg , 5,2.0
54846,Sodium, mg , 120,5.0
54846,Total Carbohydrate, g , 30,11.0
54846,Dietary Fiber, g , 3,11.0
54846,Total Sugars, g , 18,
54846,Added Sugars, g , 18,35.0
54846,Protein, g , 4,8.0
67217,Calories : 240,,,
67217,Total Fat, g , 9,12.0
67217,Saturated Fat, g , 1.5,8.0
67217,Trans Fat, g , 0,
67217,Polyunsaturated Fat, g , 3,
67217,Monounsaturated Fat, g , 4,
67217,Cholesterol, mg , 10,3.0
67217,Sodium, mg , 90,4.0
67217,Total Carbohydrate, g , 33,12.0
67217,Dietary Fiber, g , 0,0.0
67217,Total Sugars, g , 17,
67217,Added Sugars, g , 17,34.0
67217,Protein, g , 7,14.0
67214,Calories : 240,,,
67214,Total Fat, g , 9,12.0
67214,Saturated Fat, g , 1.5,8.0
67214,Trans Fat, g , 0,
67214,Polyunsaturated Fat, g , 3,
67214,Monounsaturated Fat, g , 4,
67214,Cholesterol, mg , 10,3.0
67214,Sodium, mg , 90,4.0
67214,Total Carbohydrate, g , 33,12.0
67214,Dietary Fiber, g , 0,0.0
67214,Total Sugars, g , 17,
67214,Added Sugars, g , 17,34.0
67214,Protein, g , 7,14.0
58049,Calories : 240,,,
58049,Total Fat, g , 9,12
58049,Saturated Fat, g , 1,5
58049,Trans Fat, g , 0,
58049,Polyunsaturated Fat, g , 2.5,
58049,Monounsaturated Fat, g , 4.5,
58049,Cholesterol, mg , 5,<2
58049,Sodium, mg , 90,4
58049,Total Carbohydrate, g , 33,12
58049,Dietary Fiber, g , <1,<2
58049,Total Sugars, g , 12,
58049,Added Sugars, g , 11,22
58049,Protein, g , 7,14
58055,Calories : 240,,,
58055,Total Fat, g , 9,12
58055,Saturated Fat, g , 1,5
58055,Trans Fat, g , 0,
58055,Polyunsaturated Fat, g , 2.5,
58055,Monounsaturated Fat, g , 4.5,
58055,Cholesterol, mg , 5,<2
58055,Sodium, mg , 90,4
58055,Total Carbohydrate, g , 33,12
58055,Dietary Fiber, g , <1,<2
58055,Total Sugars, g , 12,
58055,Added Sugars, g , 11,22
58055,Protein, g , 7,14
53818,Calories : 240,,,
53818,Total Fat, g , 9,12
53818,Saturated Fat, g , 1,5
53818,Trans Fat, g , 0,
53818,Polyunsaturated Fat, g , 2.5,
53818,Monounsaturated Fat, g , 4.5,
53818,Cholesterol, mg , 5,<2
53818,Sodium, mg , 90,4
53818,Total Carbohydrate, g , 33,12
53818,Dietary Fiber, g , <1,<2
53818,Total Sugars, g , 12,
53818,Added Sugars, g , 11,22
53818,Protein, g , 7,14
66912,Calories : 180,,,
66912,Total Fat, g , 6,8.0
66912,Saturated Fat, g , 1,5.0
66912,Trans Fat, g , 0,
66912,Polyunsaturated Fat, g , 2.5,
66912,Monounsaturated Fat, g , 2.5,
66912,Cholesterol, mg , 10,3.0
66912,Sodium, mg , 90,4.0
66912,Total Carbohydrate, g , 23,8.0
66912,Dietary Fiber, g , 3,11.0
66912,Total Sugars, g , 17,
66912,Added Sugars, g , 16,33.0
66912,Protein, g , 10,20.0
58058,Calories : 240,,,
58058,Total Fat, g , 9,12
58058,Saturated Fat, g , 1.5,8
58058,Trans Fat, g , 0,
58058,Polyunsaturated Fat, g , 2.5,
58058,Monounsaturated Fat, g , 4.5,
58058,Cholesterol, mg , 5,<2
58058,Sodium, mg , 90,4
58058,Total Carbohydrate, g , 33,12
58058,Dietary Fiber, g , 1,4
58058,Total Sugars, g , 14,
58058,Added Sugars, g , 13,27
58058,Protein, g , 7,14
66639,Calories : 180,,,
66639,Total Fat, g , 6,8.0
66639,Saturated Fat, g , 1,5.0
66639,Trans Fat, g , 0,
66639,Polyunsaturated Fat, g , 2.5,
66639,Monounsaturated Fat, g , 2.5,
66639,Cholesterol, mg , 10,3.0
66639,Sodium, mg , 90,4.0
66639,Total Carbohydrate, g , 23,8.0
66639,Dietary Fiber, g , 3,11.0
66639,Total Sugars, g , 17,
66639,Added Sugars, g , 16,33.0
66639,Protein, g , 10,20.0
66959e,Calories : 220,,,
66959e,Total Fat, g , 9,12.0
66959e,Saturated Fat, g , 1.5,8.0
66959e,Trans Fat, g , 0,
66959e,Polyunsaturated Fat, g , 2,
66959e,Monounsaturated Fat, g , 4.5,
66959e,Cholesterol, mg , 10,3.0
66959e,Sodium, mg , 130,6.0
66959e,Total Carbohydrate, g , 29,11.0
66959e,Dietary Fiber, g , <1,3.0
66959e,Total Sugars, g , 12,
66959e,Added Sugars, g , 12,24.0
66959e,Protein, g , 6,12.0
66916,Calories : 180,,,
66916,Total Fat, g , 6,8.0
66916,Saturated Fat, g , 1,5.0
66916,Trans Fat, g , 0,
66916,Polyunsaturated Fat, g , 2.5,
66916,Monounsaturated Fat, g , 2.5,
66916,Cholesterol, mg , 10,3.0
66916,Sodium, mg , 90,4.0
66916,Total Carbohydrate, g , 23,8.0
66916,Dietary Fiber, g , 3,11.0
66916,Total Sugars, g , 17,
66916,Added Sugars, g , 16,33.0
66916,Protein, g , 10,20.0
66959,Calories : 220,,,
66959,Total Fat, g , 9,12.0
66959,Saturated Fat, g , 1.5,8.0
66959,Trans Fat, g , 0,
66959,Polyunsaturated Fat, g , 2,
66959,Monounsaturated Fat, g , 4.5,
66959,Cholesterol, mg , 10,3.0
66959,Sodium, mg , 130,6.0
66959,Total Carbohydrate, g , 29,11.0
66959,Dietary Fiber, g , <1,3.0
66959,Total Sugars, g , 12,
66959,Added Sugars, g , 12,24.0
66959,Protein, g , 6,12.0
66961e,Calories : 220,,,
66961e,Total Fat, g , 9,12.0
66961e,Saturated Fat, g , 1.5,8.0
66961e,Trans Fat, g , 0,
66961e,Polyunsaturated Fat, g , 2,
66961e,Monounsaturated Fat, g , 4.5,
66961e,Cholesterol, mg , 10,3.0
66961e,Sodium, mg , 130,6.0
66961e,Total Carbohydrate, g , 29,11.0
66961e,Dietary Fiber, g , <1,3.0
66961e,Sugars, g , 12,
66961e,Added Sugars, g , 12,24.0
66961e,Protein, g , 6,12.0
66961,Calories : 220,,,
66961,Total Fat, g , 9,12.0
66961,Saturated Fat, g , 1.5,8.0
66961,Trans Fat, g , 0,
66961,Polyunsaturated Fat, g , 2,
66961,Monounsaturated Fat, g , 4.5,
66961,Cholesterol, mg , 10,3.0
66961,Sodium, mg , 130,6.0
66961,Total Carbohydrate, g , 29,11.0
66961,Dietary Fiber, g , <1,3.0
66961,Sugars, g , 12,
66961,Added Sugars, g , 12,24.0
66961,Protein, g , 6,12.0
66960e,Calories : 220,,,
66960e,Total Fat, g , 9,12.0
66960e,Saturated Fat, g , 1.5,8.0
66960e,Trans Fat, g , 0,
66960e,Polyunsaturated Fat, g , 2,
66960e,Monounsaturated Fat, g , 4.5,
66960e,Cholesterol, mg , 10,3.0
66960e,Sodium, mg , 120,5.0
66960e,Total Carbohydrate, g , 29,11.0
66960e,Dietary Fiber, g , 1,4.0
66960e,Sugars, g , 12,
66960e,Added Sugars, g , 12,24.0
66960e,Protein, g , 6,12.0
66960,Calories : 220,,,
66960,Total Fat, g , 9,12.0
66960,Saturated Fat, g , 1.5,8.0
66960,Trans Fat, g , 0,
66960,Polyunsaturated Fat, g , 2,
66960,Monounsaturated Fat, g , 4.5,
66960,Cholesterol, mg , 10,3.0
66960,Sodium, mg , 120,5.0
66960,Total Carbohydrate, g , 29,11.0
66960,Dietary Fiber, g , 1,4.0
66960,Sugars, g , 12,
66960,Added Sugars, g , 12,24.0
66960,Protein, g , 6,12.0
66918,Calories : 240,,,
66918,Total Fat, g , 9,12
66918,Saturated Fat, g , 1.5,8
66918,Trans Fat, g , 0,
66918,Polyunsaturated Fat, g , 2.5,
66918,Monounsaturated Fat, g , 4.5,
66918,Cholesterol, mg , 5,<2
66918,Sodium, mg , 90,4
66918,Total Carbohydrate, g , 33,12
66918,Dietary Fiber, g , 1,4
66918,Total Sugars, g , 14,
66918,Added Sugars, g , 13,27
66918,Protein, g , 7,14
56368,Calories : 240,,,
56368,Total Fat, g , 9,12
56368,Saturated Fat, g , 1,5
56368,Trans Fat, g , 0,
56368,Polyunsaturated Fat, g , 2,
56368,Monounsaturated Fat, g , 6,
56368,Cholesterol, mg , 5,<2
56368,Sodium, mg , 90,4
56368,Total Carbohydrate, g , 33,12
56368,Dietary Fiber, g , 3,11
56368,Total Sugars, g , 18,
56368,Added Sugars, g , 18,36
56368,Protein, g , 7,14
58052,Calories : 240,,,
58052,Total Fat, g , 9,12
58052,Saturated Fat, g , 1,5
58052,Trans Fat, g , 0,
58052,Polyunsaturated Fat, g , 2.5,
58052,Monounsaturated Fat, g , 4.5,
58052,Cholesterol, mg , 5,<2
58052,Sodium, mg , 90,4
58052,Total Carbohydrate, g , 33,12
58052,Dietary Fiber, g , <1,<2
58052,Total Sugars, g , 12,
58052,Added Sugars, g , 11,22
58052,Protein, g , 7,14
58061,Calories : 240,,,
58061,Total Fat, g , 9,12
58061,Saturated Fat, g , 1,5
58061,Trans Fat, g , 0,
58061,Polyunsaturated Fat, g , 2,
58061,Monounsaturated Fat, g , 6,
58061,Cholesterol, mg , 5,<2
58061,Sodium, mg , 90,4
58061,Total Carbohydrate, g , 33,12
58061,Dietary Fiber, g , 3,11
58061,Total Sugars, g , 18,
58061,Added Sugars, g , 18,36
58061,Protein, g , 7,14
67417,Protein, g , 10.7,
67417,Fat, g , 14.4,
67417,Saturated Fat, g , 8,
67417,Trans Fat, g , 0,
67417,Polyunsaturated Fat, g , 1.0,
67417,Monounsaturated Fat, g , 2.5,
67417,Cholesterol, mg , 15,
67417,Carbohydrate, g , 47.6,
67417,Dietary Fiber, g , 1<sup>*</sup>,
67417,Total Sugars, g , 2,
67417,Added Sugars, g , 2,
67417,L-Carnitine, mg , 6.0,
67417,Taurine, mg , 45,
67417,Water, g , 182,
67417,Calories : 356,,,
67401,Protein, g , 7,
67401,Fat, g , 9,
67401,Saturated Fat, g , 2.5,
67401,Trans Fat, g , 0,
67401,Polyunsaturated Fat, g , 2.5,
67401,Monounsaturated Fat, g , 3.5,
67401,Cholesterol, mg , 5.0,
67401,Carbohydrate, g , 33,
67401,Dietary Fiber, g , <1,
67401,Total Sugars, g , 7,
67401,Added Sugars, g , 7,
67401,L-Carnitine, mg , 4.0,
67401,Taurine, mg , 18,
67401,Water, g , 200,
67401,Calories : 240,,,
67378,Protein, g , 14,
67378,Fat, g , 16,
67378,Saturated Fat, g , 3.5,
67378,Trans Fat, g , 0,
67378,Polyunsaturated Fat, g , 5,
67378,Monounsaturated Fat, g , 7,
67378,Cholesterol, mg , 10,
67378,Carbohydrate, g , 38,
67378,Dietary Fiber, g , <1,
67378,Total Sugars, g , 3,
67378,Added Sugars, g , 3,
67378,L-Carnitine, mg , 4.0,
67378,Taurine, mg , 18,
67378,Water, g , 185,
67378,Calories : 350,,,
67403,Volume, mL , 237,
67403,Protein, g , 7,
67403,Fat, g , 9,
67403,Saturated Fat, g , 2.5,
67403,Trans Fat, g , 0,
67403,Polyunsaturated Fat, g , 2.5,
67403,Monounsaturated Fat, g , 3.5,
67403,Cholesterol, mg , 5,
67403,Carbohydrate, g , 34,
67403,Dietary Fiber, g , 3,
67403,scFOS®, g , 1.7,
67403,Total Sugars, g , 7,
67403,Added Sugars, g , 7,
67403,L-Carnitine, mg , 4,
67403,Taurine, mg , 18,
67403,Water, g , 200,
67403,Calories : 240,,,
67407,Protein, g , 7,
67407,Fat, g , 9.6,
67407,Saturated Fat, g , 5,
67407,Trans Fat, g , 0,
67407,Polyunsaturated Fat, g , 0.5,
67407,Monounsaturated Fat, g , 1.5,
67407,Cholesterol, mg , 10,
67407,Carbohydrate, g , 31.7,
67407,Dietary Fiber, g , 0.7<sup>*</sup>,
67407,Total Sugars, g , 7,
67407,Added Sugars, g , 7,
67407,L-Carnitine, mg , 4.0,
67407,Taurine, mg , 30,
67407,Water, g , 201,
67407,Calories : 237,,,
67612,Protein, g , 7,
67612,Fat, g , 5,
67612,Saturated Fat, g , 1,
67612,Trans Fat, g , 0,
67612,Polyunsaturated Fat, g , 3,
67612,Monounsaturated Fat, g , 1,
67612,Cholesterol, mg , <5,
67612,Carbohydrate, g , 21,
67612,Dietary Fiber, g , 3<sup>*</sup>,
67612,Total Sugars, g , 17,
67612,Added Sugars, g , 17,
67612,L-Carnitine, mg , 4.0,
67612,Taurine, mg , 18,
67612,Water, g , 211,
67612,Calories : 150,,,
67612,Calories from Fat : 45,,,
67374,Protein, g , 14,
67374,Fat, g , 16,
67374,Saturated Fat, g , 3.5,
67374,Trans Fat, g , 0,
67374,Polyunsaturated Fat, g , 5,
67374,Monounsaturated Fat, g , 7,
67374,Cholesterol, mg , 10,
67374,Carbohydrate, g , 39,
67374,Dietary Fiber, g , 3,
67374,scFOS®, g , 1.7,
67374,Total Sugars, g , 3,
67374,Added Sugars, g , 3,
67374,L-Carnitine, mg , 4.0,
67374,Taurine, mg , 18,
67374,Water, g , 185,
67374,Calories : 350,,,
67411,Protein, g , 7,
67411,Fat, g , 9.6,
67411,Saturated Fat, g , 5,
67411,Trans Fat, g , 0,
67411,Polyunsaturated Fat, g , 0.5,
67411,Monounsaturated Fat, g , 1.5,
67411,Cholesterol, mg , 10,
67411,Carbohydrate, g , 31.7,
67411,Dietary Fiber, g , 0.7<sup>*</sup>,
67411,Total Sugars, g , 7,
67411,Added Sugars, g , 7,
67411,L-Carnitine, mg , 4.0,
67411,Taurine, mg , 30,
67411,Water, g , 201,
67411,Calories : 237,,,
67413,Protein, g , 7,
67413,Fat, g , 9.6,
67413,Saturated Fat, g , 5,
67413,Trans Fat, g , 0,
67413,Polyunsaturated Fat, g , 0.5,
67413,Monounsaturated Fat, g , 1.5,
67413,Cholesterol, mg , 10,
67413,Carbohydrate, g , 31.7,
67413,Dietary Fiber, g , 0.7<sup>*</sup>,
67413,Total Sugars, g , 1,
67413,Added Sugars, g , 1,
67413,L-Carnitine, mg , 4.0,
67413,Taurine, mg , 30,
67413,Water, g , 201,
67413,Calories : 237,,,
67413,Folic Acid, mcg , 71,
67426p6,Calories : 50,,,
67426p6,Total Fat, g , 0,0.0
67426p6,Sodium, mg , 650,28.0
67426p6,Total Carbohydrate, g , 12,4.0
67426p6,Total Sugars, g , 12,
67426p6,Added Sugars, g , 12,24.0
67426p6,Protein, g , 0,
66645,Calories : 25,,,
66645,Total Fat, g , 0,0.0
66645,Sodium, mg , 490,21.0
66645,Total Carbohydrate, g , 6,2.0
66645,Total Sugars, g , 6,
66645,Added Sugars, g , 6,12.0
66645,Protein, g , 0,
67434,Calories : 25,,,
67434,Total Fat, g , 0,0.0
67434,Sodium, mg , 490,21.0
67434,Total Carbohydrate, g , 6,2.0
67434,Total Sugars, g , 6,
67434,Added Sugars, g , 6,12.0
67434,Protein, g , 0,
66641,Calories : 25,,,
66641,Total Fat, g , 0,0.0
66641,Sodium, mg , 490,21.0
66641,Total Carbohydrate, g , 6,2.0
66641,Total Sugars, g , 6,
66641,Added Sugars, g , 6,12.0
66641,Protein, g , 0,
66969p6,Calories : 50,,,
66969p6,Total Fat, g , 0,0.0
66969p6,Sodium, mg , 650,28.0
66969p6,Total Carbohydrate, g , 12,4.0
66969p6,Total Sugars, g , 12,
66969p6,Added Sugars, g , 12,24.0
66969p6,Protein, g , 0,
63059,Calories : 25,,,
63059,Total Fat, g , 0,0.0
63059,Total Carbohydrate, g , 6,2.0
63059,Total Sugars, g , 6,
63059,Added Sugars, g , 6,12.0
63059,Protein, g , 0,
64301,Calories : 25,,,
64301,Total Fat, g , 0,0.0
64301,Total Carbohydrate, g , 6,2.0
64301,Total Sugars, g , 6,
64301,Added Sugars, g , 6,12.0
64301,Protein, g , 0,
64307,Calories : 25,,,
64307,Total Fat, g , 0,0.0
64307,Total Carbohydrate, g , 6,2.0
64307,Total Sugars, g , 6,
64307,Added Sugars, g , 6,12.0
64307,Protein, g , 0,
64598,Calories : 50,,,
64598,Total Fat, g , 0,0.0
64598,Sodium, mg , 490,21.0
64598,Total Carbohydrate, g , 12,4.0
64598,Total Sugars, g , 12,
64598,Added Sugars, g , 12,24.0
64598,Protein, g , 0,
63057,Calories : 25,,,
63057,Total Fat, g , 0,0.0
63057,Total Carbohydrate, g , 6,2.0
63057,Total Sugars, g , 6,
63057,Added Sugars, g , 6,12.0
63057,Protein, g , 0,
59892,Calories : 35,,,
59892,Total Fat, g , 0,0.0
59892,Sodium, mg , 370,16.0
59892,Total Carbohydrate, g , 9,3.0
59892,Total Sugars, g , 9,
59892,Added Sugars, g , 9,18.0
59892,Protein, g , 0,
66855,Calories : 25,,,
66855,Total Fat, g , 0,0.0
66855,Sodium, mg , 490,21.0
66855,Total Carbohydrate, g , 6,2.0
66855,Total Sugars, g , 6,
66855,Added Sugars, g , 6,12.0
66855,Protein, g , 0,
66643,Calories : 25,,,
66643,Total Fat, g , 0,0.0
66643,Sodium, mg , 490,21.0
66643,Total Carbohydrate, g , 6,2.0
66643,Total Sugars, g , 6,
66643,Added Sugars, g , 6,12.0
66643,Protein, g , 0,
62605,Calories : 15,,,
62605,Total Fat, g , 0,0.0
62605,Sodium, mg , 130,6.0
62605,Total Carbohydrate, g , 3,1.0
62605,Total Sugars, g , 3,
62605,Added Sugars, g , 3,6.0
62605,Protein, g , 0,
67426,Calories : 50,,,
67426,Total Fat, g , 0,0.0
67426,Sodium, mg , 650,28.0
67426,Total Carbohydrate, g , 12,4.0
67426,Total Sugars, g , 12,
67426,Added Sugars, g , 12,24.0
67426,Protein, g , 0,
64172,Calories : 50,,,
64172,Total Fat, g , 0,0.0
64172,Sodium, mg , 490,21.0
64172,Total Carbohydrate, g , 12,4.0
64172,Total Sugars, g , 12,
64172,Added Sugars, g , 12,24.0
64172,Protein, g , 0,
64177,Calories : 50,,,
64177,Total Fat, g , 0,0.0
64177,Sodium, mg , 490,21.0
64177,Total Carbohydrate, g , 12,4.0
64177,Total Sugars, g , 12,
64177,Added Sugars, g , 12,24.0
64177,Protein, g , 0,
66972,Calories : 50,,,
66972,Total Fat, g , 0,0.0
66972,Sodium, mg , 650,28.0
66972,Total Carbohydrate, g , 12,4.0
66972,Total Sugars, g , 12,
66972,Added Sugars, g , 12,24.0
66972,Protein, g , 0,
66969,Calories : 50,,,
66969,Total Fat, g , 0,0.0
66969,Sodium, mg , 650,28.0
66969,Total Carbohydrate, g , 12,4.0
66969,Total Sugars, g , 12,
66969,Added Sugars, g , 12,24.0
66969,Protein, g , 0,
56090,Calories : 25,,,
56090,Total Fat, g , 0,0.0
56090,Total Carbohydrate, g , 6,2.0
56090,Total Sugars, g , 6,
56090,Added Sugars, g , 6,12.0
56090,Protein, g , 0,
64595,Calories : 50,,,
64595,Total Fat, g , 0,0.0
64595,Sodium, mg , 490,21.0
64595,Total Carbohydrate, g , 12,4.0
64595,Total Sugars, g , 12,
64595,Added Sugars, g , 12,24.0
64595,Protein, g , 0,
64307e,Calories : 25,,,
64307e,Total Fat, g , 0,0.0
64307e,Total Carbohydrate, g , 6,2.0
64307e,Total Sugars, g , 6,
64307e,Added Sugars, g , 6,12.0
64307e,Protein, g , 0,
64172p6,Calories : 50,,,
64172p6,Total Fat, g , 0,0.0
64172p6,Sodium, mg , 490,21.0
64172p6,Total Carbohydrate, g , 12,4.0
64172p6,Total Sugars, g , 12,
64172p6,Added Sugars, g , 12,24.0
64172p6,Protein, g , 0,
56090p8,Calories : 25,,,
56090p8,Total Fat, g , 0,0.0
56090p8,Total Carbohydrate, g , 6,2.0
56090p8,Total Sugars, g , 6,
56090p8,Added Sugars, g , 6,12.0
56090p8,Protein, g , 0,
59892p4,Calories : 35,,,
59892p4,Total Fat, g , 0,0.0
59892p4,Sodium, mg , 370,16.0
59892p4,Total Carbohydrate, g , 9,3.0
59892p4,Total Sugars, g , 9,
59892p4,Added Sugars, g , 9,18.0
59892p4,Protein, g , 0,
64598p6,Calories : 50,,,
64598p6,Total Fat, g , 0,0.0
64598p6,Sodium, mg , 490,21.0
64598p6,Total Carbohydrate, g , 12,4.0
64598p6,Total Sugars, g , 12,
64598p6,Added Sugars, g , 12,24.0
64598p6,Protein, g , 0,
64177p6,Calories : 50,,,
64177p6,Total Fat, g , 0,0.0
64177p6,Sodium, mg , 490,21.0
64177p6,Total Carbohydrate, g , 12,4.0
64177p6,Total Sugars, g , 12,
64177p6,Added Sugars, g , 12,24.0
64177p6,Protein, g , 0,
64595p6,Calories : 50,,,
64595p6,Total Fat, g , 0,0.0
64595p6,Sodium, mg , 490,21.0
64595p6,Total Carbohydrate, g , 12,4.0
64595p6,Total Sugars, g , 12,
64595p6,Added Sugars, g , 12,24.0
64595p6,Protein, g , 0,
66645e,Calories : 25,,,
66645e,Total Fat, g , 0,0.0
66645e,Sodium, mg , 490,21.0
66645e,Total Carbohydrate, g , 6,2.0
66645e,Total Sugars, g , 6,
66645e,Added Sugars, g , 6,12.0
66645e,Protein, g , 0,
66855e,Calories : 25,,,
66855e,Total Fat, g , 0,0.0
66855e,Sodium, mg , 490,21.0
66855e,Total Carbohydrate, g , 6,2.0
66855e,Total Sugars, g , 6,
66855e,Added Sugars, g , 6,12.0
66855e,Protein, g , 0,
66641e,Calories : 25,,,
66641e,Total Fat, g , 0,0.0
66641e,Sodium, mg , 490,21.0
66641e,Total Carbohydrate, g , 6,2.0
66641e,Total Sugars, g , 6,
66641e,Added Sugars, g , 6,12.0
66641e,Protein, g , 0,
67434e,Calories : 25,,,
67434e,Total Fat, g , 0,0.0
67434e,Sodium, mg , 490,21.0
67434e,Total Carbohydrate, g , 6,2.0
67434e,Total Sugars, g , 6,
67434e,Added Sugars, g , 6,12.0
67434e,Protein, g , 0,
66643e,Calories : 25,,,
66643e,Total Fat, g , 0,0.0
66643e,Sodium, mg , 490,21.0
66643e,Total Carbohydrate, g , 6,2.0
66643e,Total Sugars, g , 6,
66643e,Added Sugars, g , 6,12.0
66643e,Protein, g , 0,
64301e,Calories : 25,,,
64301e,Total Fat, g , 0,0.0
64301e,Total Carbohydrate, g , 6,2.0
64301e,Total Sugars, g , 6,
64301e,Added Sugars, g , 6,12.0
64301e,Protein, g , 0,
66972p6,Calories : 50,,,
66972p6,Total Fat, g , 0,0.0
66972p6,Sodium, mg , 650,28.0
66972p6,Total Carbohydrate, g , 12,4.0
66972p6,Total Sugars, g , 12,
66972p6,Added Sugars, g , 12,24.0
66972p6,Protein, g , 0,
63059e,Calories : 25,,,
63059e,Total Fat, g , 0,0.0
63059e,Total Carbohydrate, g , 6,2.0
63059e,Total Sugars, g , 6,
63059e,Added Sugars, g , 6,12.0
63059e,Protein, g , 0,
63057e,Calories : 25,,,
63057e,Total Fat, g , 0,0.0
63057e,Total Carbohydrate, g , 6,2.0
63057e,Total Sugars, g , 6,
63057e,Added Sugars, g , 6,12.0
63057e,Protein, g , 0,
67225,Calories : 45,,,
67225,Total Fat, g , 0,0.0
67225,Sodium, mg , 650,28.0
67225,Total Carbohydrate, g , 13,5.0
67225,Total Sugars, g , 8,
67225,Added Sugars, g , 8,17.0
67225,Protein, g , 0,
67220p6,Calories : 45,,,
67220p6,Total Fat, g , 0,0.0
67220p6,Sodium, mg , 650,28.0
67220p6,Total Carbohydrate, g , 13,5.0
67220p6,Total Sugars, g , 8,
67220p6,Added Sugars, g , 8,17.0
67220p6,Protein, g , 0,
67220,Calories : 45,,,
67220,Total Fat, g , 0,0.0
67220,Sodium, mg , 650,28.0
67220,Total Carbohydrate, g , 13,5.0
67220,Total Sugars, g , 8,
67220,Added Sugars, g , 8,17.0
67220,Protein, g , 0,
67225p6,Calories : 45,,,
67225p6,Total Fat, g , 0,0.0
67225p6,Sodium, mg , 650,28.0
67225p6,Total Carbohydrate, g , 13,5.0
67225p6,Total Sugars, g , 8,
67225p6,Added Sugars, g , 8,17.0
67225p6,Protein, g , 0,
64796,Protein, g , 19,
64796,Fat, g , 23,
64796,Saturated Fat, g , 2,
64796,Trans Fat, g , 0,
64796,Polyunsaturated Fat, g , 4,
64796,Monounsaturated Fat, g , 16,
64796,Cholesterol, mg , 7,
64796,Carbohydrate, g , 38,
64796,Dietary Fiber, g , 6,
64796,Total Sugars, g , 8.4,
64796,Added Sugars, g , 8.3,
64796,L-Carnitine, mg , 63,
64796,Taurine, mg , 38,
64796,Water, g , 172,
64796,Calories : 420,,,
62585,Protein, g , 19,
62585,Fat, g , 23,
62585,Saturated Fat, g , 2,
62585,Trans Fat, g , 0,
62585,Polyunsaturated Fat, g , 4,
62585,Monounsaturated Fat, g , 16,
62585,Cholesterol, mg , 7,
62585,Carbohydrate, g , 38,
62585,Dietary Fiber, g , 6,
62585,Total Sugars, g , 8.4,
62585,Added Sugars, g , 8.3,
62585,L-Carnitine, mg , 63,
62585,Taurine, mg , 38,
62585,Water, g , 172,
62585,Calories : 420,,,
64798,Protein, g , 19,
64798,Fat, g , 23,
64798,Saturated Fat, g , 2,
64798,Trans Fat, g , 0,
64798,Polyunsaturated Fat, g , 4,
64798,Monounsaturated Fat, g , 16,
64798,Cholesterol, mg , 7,
64798,Carbohydrate, g , 38,
64798,Dietary Fiber, g , 6,
64798,Total Sugars, g , 8.4,
64798,Added Sugars, g , 8.3,
64798,L-Carnitine, mg , 63,
64798,Taurine, mg , 38,
64798,Water, g , 172,
64798,Calories : 420,,,
66534,Calories : 180,,,
66534,Total Fat, g , 8,10.0
66534,Saturated Fat, g , 1,5.0
66534,Trans Fat, g , 0,
66534,Polyunsaturated Fat, g , 2.5,
66534,Monounsaturated Fat, g , 4,
66534,Cholesterol, mg , 10,3.0
66534,Sodium, mg , 300,13.0
66534,Total Carbohydrate, g , 14,5.0
66534,Dietary Fiber, g , 4,14.0
66534,Total Sugars, g , 6,
66534,Added Sugars, g , 6,11.0
66534,Protein, g , 15,30.0
62885,Calories : 180,,,
62885,Total Fat, g , 8,10.0
62885,Saturated Fat, g , 1.5,7.0
62885,Trans Fat, g , 0,
62885,Polyunsaturated Fat, g , 2.5,
62885,Monounsaturated Fat, g , 4,
62885,Cholesterol, mg , 10,3.0
62885,Sodium, mg , 300,13.0
62885,Total Carbohydrate, g , 16,6.0
62885,Dietary Fiber, g , 6,21.0
62885,Total Sugars, g , 6,
62885,Added Sugars, g , 6,11.0
62885,Protein, g , 15,30.0
62882,Calories : 180,,,
62882,Total Fat, g , 8,10.0
62882,Saturated Fat, g , 1,5.0
62882,Trans Fat, g , 0,
62882,Polyunsaturated Fat, g , 2.5,
62882,Monounsaturated Fat, g , 4,
62882,Cholesterol, mg , 10,3.0
62882,Sodium, mg , 300,13.0
62882,Total Carbohydrate, g , 14,5.0
62882,Dietary Fiber, g , 4,14.0
62882,Total Sugars, g , 6,
62882,Added Sugars, g , 6,11.0
62882,Protein, g , 15,30.0
57801,Calories : 180,,,
57801,Total Fat, g , 9,12
57801,Saturated Fat, g , 1,5
57801,Trans Fat, g , 0,
57801,Polyunsaturated Fat, g , 4,
57801,Monounsaturated Fat, g , 4,
57801,Cholesterol, mg , <5,<2
57801,Sodium, mg , 210,9
57801,Total Carbohydrate, g , 16,6
57801,Dietary Fiber, g , 4,14
57801,Total Sugars, g , 4,
57801,Added Sugars, g , 4,8
57801,Protein, g , 10,20
57807,Calories : 180,,,
57807,Total Fat, g , 9,12
57807,Saturated Fat, g , 1,5
57807,Trans Fat, g , 0,
57807,Polyunsaturated Fat, g , 4,
57807,Monounsaturated Fat, g , 4,
57807,Cholesterol, mg , <5,<2
57807,Sodium, mg , 210,9
57807,Total Carbohydrate, g , 16,6
57807,Dietary Fiber, g , 4,14
57807,Total Sugars, g , 4,
57807,Added Sugars, g , 4,8
57807,Protein, g , 10,20
66794,Calories : 180,,,
66794,Total Fat, g , 9,12
66794,Saturated Fat, g , 1,5
66794,Trans Fat, g , 0,
66794,Polyunsaturated Fat, g , 4,
66794,Monounsaturated Fat, g , 4,
66794,Cholesterol, mg , <5,<2
66794,Sodium, mg , 210,9
66794,Total Carbohydrate, g , 16,6
66794,Dietary Fiber, g , 4,14
66794,Total Sugars, g , 4,
66794,Added Sugars, g , 4,8
66794,Protein, g , 10,20
57810,Calories : 180,,,
57810,Total Fat, g , 9,12
57810,Saturated Fat, g , 1,5
57810,Trans Fat, g , 0,
57810,Polyunsaturated Fat, g , 4,
57810,Monounsaturated Fat, g , 4,
57810,Cholesterol, mg , <5,<2
57810,Sodium, mg , 210,9
57810,Total Carbohydrate, g , 16,6
57810,Dietary Fiber, g , 4,14
57810,Total Sugars, g , 4,
57810,Added Sugars, g , 4,8
57810,Protein, g , 10,20
57804,Calories : 180,,,
57804,Total Fat, g , 9,12
57804,Saturated Fat, g , 1,5
57804,Trans Fat, g , 0,
57804,Polyunsaturated Fat, g , 4,
57804,Monounsaturated Fat, g , 4,
57804,Cholesterol, mg , <5,<2
57804,Sodium, mg , 210,9
57804,Total Carbohydrate, g , 16,6
57804,Dietary Fiber, g , 4,14
57804,Total Sugars, g , 4,
57804,Added Sugars, g , 4,8
57804,Protein, g , 10,20
67067,Calories : 250,,,
67067,Total Fat, g , 11,14.0
67067,Saturated Fat, g , 1,6.0
67067,Trans Fat, g , 0,
67067,Polyunsaturated Fat, g , 3.5,
67067,Monounsaturated Fat, g , 6,
67067,Cholesterol, mg , 15,5.0
67067,Sodium, mg , 440,19.0
67067,Total Carbohydrate, g , 18,7.0
67067,Dietary Fiber, g , 6,21.0
67067,Total Sugars, g , 9,
67067,Added Sugars, g , 8,16.0
67067,Protein, g , 23,46.0
59856,Calories : 140,,,
59856,Total Fat, g , 5,6.0
59856,Saturated Fat, g , 0.5,3.0
59856,Trans Fat, g , 0,
59856,Polyunsaturated Fat, g , 2,
59856,Monounsaturated Fat, g , 2.5,
59856,Cholesterol, mg , <5,0.0
59856,Sodium, mg , 230,10.0
59856,Total Carbohydrate, g , 19,7.0
59856,Dietary Fiber, g , 3,11.0
59856,Total Sugars, g , 5,
59856,Added Sugars, g , 5,9.0
59856,Protein, g , 7,14.0
67070,Calories : 250,,,
67070,Total Fat, g , 11,14.0
67070,Saturated Fat, g , 2,10.0
67070,Trans Fat, g , 0,
67070,Polyunsaturated Fat, g , 3,
67070,Monounsaturated Fat, g , 6,
67070,Cholesterol, mg , 15,5.0
67070,Sodium, mg , 420,18.0
67070,Total Carbohydrate, g , 21,8.0
67070,Dietary Fiber, g , 7,25.0
67070,Total Sugars, g , 8,
67070,Added Sugars, g , 8,16.0
67070,Protein, g , 23,46.0
59859,Calories : 140,,,
59859,Total Fat, g , 5,6.0
59859,Saturated Fat, g , 0.5,3.0
59859,Trans Fat, g , 0,
59859,Polyunsaturated Fat, g , 1.5,
59859,Monounsaturated Fat, g , 2.5,
59859,Cholesterol, mg , <5,0.0
59859,Sodium, mg , 230,10.0
59859,Total Carbohydrate, g , 19,7.0
59859,Dietary Fiber, g , 3,11.0
59859,Total Sugars, g , 5,
59859,Added Sugars, g , 5,10.0
59859,Protein, g , 7,14.0
64913,Protein, g , 9.9,
64913,Fat, g , 12.9,
64913,Carbohydrate, g , 22.8,
64913,Dietary Fiber, g , 3.4<sup>*</sup>,
64913,Taurine, mg , 25,
64913,L-Carnitine, mg , 34,
64913,m-Inositol, mg , 200,
64913,Water, g/mL , 202,
64913,Calories : 237,,,
64918,Protein, g , 14.2,
64918,Fat, g , 14.2,
64918,Carbohydrate, g , 27.1,
64918,Dietary Fiber, g , 3.8<sup>*</sup>,
64918,Water, g , 192,
64918,Calories : 285,,,
64918,Taurine, mg , 32,
64918,L-Carnitine, mg , 42,
66906,Calories : 80,,,
66906,Total Fat, g , 3.5,4.0
66906,Saturated Fat, g , 1.5,8.0
66906,Trans Fat, g , 0,
66906,Cholesterol, mg , 0,0.0
66906,Sodium, mg , 50,2.0
66906,Total Carbohydrate, g , 10,4.0
66906,Dietary Fiber, g , 2,7.0
66906,Total Sugars, g , 3,
66906,Added Sugars, g , 3,6.0
66906,Sugar Alcohols, g , 4,
66906,Protein, g , 3,6.0
64920,Protein, g , 19.6,
64920,Fat, g , 17.8,
64920,Saturated Fat, g , 1.5,
64920,Polyunsaturated Fat, g , 3.8,
64920,Monounsaturated Fat, g , 12.5,
64920,Carbohydrate, g , 31.5,
64920,Dietary Fiber, g , 3.8<sup>*</sup>,
64920,Water, g , 180,
64920,Calories : 356,,,
64920,Taurine, mg , 40,
64920,L-Carnitine, mg , 51,
66905,Calories : 80,,,
66905,Total Fat, g , 3,4.0
66905,Saturated Fat, g , 1.5,8.0
66905,Trans Fat, g , 0,
66905,Cholesterol, mg , 0,0.0
66905,Sodium, mg , 70,3.0
66905,Total Carbohydrate, g , 12,4.0
66905,Dietary Fiber, g , 1,4.0
66905,Total Sugars, g , 2,
66905,Added Sugars, g , 1,2.0
66905,Sugar Alcohols, g , 7,
66905,Protein, g , 3,6.0
66884,Calories : 160,,,
66884,Total Fat, g , 7,9.0
66884,Saturated Fat, g , 2.5,13.0
66884,Trans Fat, g , 0,
66884,Polyunsaturated Fat, g , 1,
66884,Monounsaturated Fat, g , 2.5,
66884,Cholesterol, mg , 0,0.0
66884,Sodium, mg , 170,7.0
66884,Total Carbohydrate, g , 17,6.0
66884,Dietary Fiber, g , 3,11.0
66884,Total Sugars, g , 4,
66884,Added Sugars, g , 4,8.0
66884,Sugar Alcohols, g , 4,
66884,Protein, g , 11,22.0
66887,Calories : 160,,,
66887,Total Fat, g , 6,8.0
66887,Saturated Fat, g , 1.5,8.0
66887,Trans Fat, g , 0,
66887,Polyunsaturated Fat, g , 1.5,
66887,Monounsaturated Fat, g , 2.5,
66887,Cholesterol, mg , 0,0.0
66887,Sodium, mg , 180,8.0
66887,Total Carbohydrate, g , 18,7.0
66887,Dietary Fiber, g , 2,7.0
66887,Total Sugars, g , 4,
66887,Added Sugars, g , 3,6.0
66887,Sugar Alcohols, g , 4,
66887,Protein, g , 10,20.0
66903,Calories : 80,,,
66903,Total Fat, g , 3.5,4.0
66903,Saturated Fat, g , 1.5,8.0
66903,Trans Fat, g , 0,
66903,Cholesterol, mg , 0,0.0
66903,Sodium, mg , 40,2.0
66903,Total Carbohydrate, g , 11,4.0
66903,Dietary Fiber, g , 2,7.0
66903,Total Sugars, g , 6,
66903,Added Sugars, g , 4,8.0
66903,Sugar Alcohols, g , 2,
66903,Protein, g , 3,6.0
67272,Calories : 150,,,
67272,Total Fat, g , 1,1.0
67272,Saturated Fat, g , 0.5,2.0
67272,Trans Fat, g , 0,
67272,Cholesterol, mg , 25,8.0
67272,Sodium, mg , 220,10.0
67272,Total Carbohydrate, g , 5,2.0
67272,Dietary Fiber, g , 1,4.0
67272,Total Sugars, g , 1,
67272,Added Sugars, g , 0,0.0
67272,Protein, g , 30,60.0
67257,Calories : 150,,,
67257,Total Fat, g , 1,1.0
67257,Saturated Fat, g , 0.5,3.0
67257,Trans Fat, g , 0,
67257,Cholesterol, mg , 25,8.0
67257,Sodium, mg , 220,10.0
67257,Total Carbohydrate, g , 5,2.0
67257,Dietary Fiber, g , 1,4.0
67257,Total Sugars, g , 1,
67257,Added Sugars, g , 0,0.0
67257,Protein, g , 30,60.0
67247,Calories : 170,,,
67247,Total Fat, g , 3,4.0
67247,Saturated Fat, g , 1.5,8.0
67247,Trans Fat, g , 0,
67247,Cholesterol, mg , 50,17.0
67247,Sodium, mg , 150,7.0
67247,Total Carbohydrate, g , 6,2.0
67247,Dietary Fiber, g , 1,4.0
67247,Total Sugars, g , 3,
67247,Added Sugars, g , 0,0.0
67247,Protein, g , 30,60.0
67298,Calories : 200,,,
67298,Total Fat, g , 17,22.0
67298,Saturated Fat, g , 11,55.0
67298,Trans Fat, g , 0,
67298,Cholesterol, mg , 10,3.0
67298,Sodium, mg , 140,6.0
67298,Total Carbohydrate, g , 3,1.0
67298,Dietary Fiber, g , 0,0.0
67298,Total Sugars, g , 1,
67298,Added Sugars, g , 0,0.0
67298,Protein, g , 10,20.0
67254,Calories : 150,,,
67254,Total Fat, g , 1,1.0
67254,Saturated Fat, g , 0.5,2.0
67254,Trans Fat, g , 0,
67254,Cholesterol, mg , 25,8.0
67254,Sodium, mg , 280,12.0
67254,Total Carbohydrate, g , 6,2.0
67254,Dietary Fiber, g , 3,11.0
67254,Total Sugars, g , 1,
67254,Added Sugars, g , 0,0.0
67254,Protein, g , 30,60.0
67500,Calories : 210,,,
67500,Total Fat, g , 7,9
67500,Saturated Fat, g , 5,25
67500,Trans Fat, g , 0,
67500,Cholesterol, mg , 0,0
67500,Sodium, mg , 220,10
67500,Total Carbohydrate, g , 21,8
67500,Dietary Fiber, g , <1,<4
67500,Total Sugars, g , 1,
67500,Added Sugars, g , 1,2
67500,Sugar Alcohols, g , 8,
67500,Protein, g , 15,30
63282p12,Calories : 210,,,
63282p12,Calories from Fat : 60,,,
63282p12,Total Fat, g , 7,11
63282p12,Saturated Fat, g , 4.5,23
63282p12,Trans Fat, g , 0,
63282p12,Cholesterol, mg , <5,<2
63282p12,Sodium, mg , 200,8
63282p12,Potassium, mg , 80,2
63282p12,Total Carbohydrate, g , 24,8
63282p12,Dietary Fiber, g , 3,12
63282p12,Sugars, g , 14,
63282p12,Protein, g , 14,28
67260,Calories : 200,,,
67260,Total Fat, g , 17,22.0
67260,Saturated Fat, g , 11,55.0
67260,Trans Fat, g , 0,
67260,Cholesterol, mg , 10,3.0
67260,Sodium, mg , 140,6.0
67260,Total Carbohydrate, g , 3,1.0
67260,Dietary Fiber, g , 0,0.0
67260,Total Sugars, g , 1,
67260,Added Sugars, g , 0,0.0
67260,Protein, g , 10,20.0
67263,Calories : 200,,,
67263,Total Fat, g , 17,22.0
67263,Saturated Fat, g , 11,55.0
67263,Trans Fat, g , 0,
67263,Cholesterol, mg , 10,3.0
67263,Sodium, mg , 140,6.0
67263,Total Carbohydrate, g , 3,1.0
67263,Dietary Fiber, g , 0,0.0
67263,Total Sugars, g , 1,
67263,Added Sugars, g , 0,0.0
67263,Protein, g , 10,20.0
63305,Calories : 200,,,
63305,Calories from Fat : 60,,,
63305,Total Fat, g , 7,11
63305,Saturated Fat, g , 2.5,13
63305,Trans Fat, g , 0,
63305,Cholesterol, mg , <5,<2
63305,Sodium, mg , 300,13
63305,Potassium, mg , 115,3
63305,Total Carbohydrate, g , 23,8
63305,Dietary Fiber, g , <1,<4
63305,Sugars, g , 14,
63305,Protein, g , 10,20
67495,Calories : 210,,,
67495,Total Fat, g , 7,9
67495,Saturated Fat, g , 5,25
67495,Trans Fat, g , 0,
67495,Cholesterol, mg , 0,0
67495,Sodium, mg , 280,12
67495,Total Carbohydrate, g , 21,8
67495,Dietary Fiber, g , <1,<4
67495,Total Sugars, g , 2,
67495,Added Sugars, g , 2,4
67495,Sugar Alcohols, g , 8,
67495,Protein, g , 15,30
63269,Calories : 210,,,
63269,Calories from Fat : 60,,,
63269,Total Fat, g , 7,11
63269,Saturated Fat, g , 4.5,23
63269,Trans Fat, g , 0,
63269,Cholesterol, mg , <5,<2
63269,Sodium, mg , 260,11
63269,Potassium, mg , 80,2
63269,Total Carbohydrate, g , 24,8
63269,Dietary Fiber, g , 2,8
63269,Sugars, g , 16,
63269,Protein, g , 14,28
67510,Calories : 210,,,
67510,Total Fat, g , 7,9
67510,Saturated Fat, g , 5,25
67510,Trans Fat, g , 0,
67510,Cholesterol, mg , 0,0
67510,Sodium, mg , 220,10
67510,Total Carbohydrate, g , 21,8
67510,Dietary Fiber, g , <1,<4
67510,Total Sugars, g , 2,
67510,Added Sugars, g , 2,4
67510,Sugar Alcohols, g , 8,
67510,Protein, g , 15,30
63299p12,Calories : 210,,,
63299p12,Calories from Fat : 60,,,
63299p12,Total Fat, g , 7,11
63299p12,Saturated Fat, g , 3.5,18
63299p12,Trans Fat, g , 0,
63299p12,Cholesterol, mg , <5,<2
63299p12,Sodium, mg , 260,11
63299p12,Potassium, mg , 150,4
63299p12,Total Carbohydrate, g , 23,8
63299p12,Dietary Fiber, g , 1,4
63299p12,Sugars, g , 17,
63299p12,Protein, g , 15,30
63304,Calories : 200,,,
63304,Calories from Fat : 50,,,
63304,Total Fat, g , 6,9
63304,Saturated Fat, g , 4,20
63304,Trans Fat, g , 0,
63304,Cholesterol, mg , <5,<2
63304,Sodium, mg , 200,8
63304,Potassium, mg , 75,2
63304,Total Carbohydrate, g , 25,8
63304,Dietary Fiber, g , 3,12
63304,Sugars, g , 16,
63304,Protein, g , 14,28
63505,Calories : 200,,,
63505,Calories from Fat : 80,,,
63505,Total Fat, g , 9,14
63505,Saturated Fat, g , 4.5,23
63505,Trans Fat, g , 0,
63505,Cholesterol, mg , 10,3
63505,Sodium, mg , 300,13
63505,Potassium, mg , 90,3
63505,Total Carbohydrate, g , 19,6
63505,Dietary Fiber, g , <1,<4
63505,Sugars, g , 14,
63505,Protein, g , 11,22
67500p12,Calories : 210,,,
67500p12,Total Fat, g , 7,9
67500p12,Saturated Fat, g , 5,25
67500p12,Trans Fat, g , 0,
67500p12,Cholesterol, mg , 0,0
67500p12,Sodium, mg , 220,10
67500p12,Total Carbohydrate, g , 21,8
67500p12,Dietary Fiber, g , <1,<4
67500p12,Total Sugars, g , 1,
67500p12,Added Sugars, g , 1,2
67500p12,Sugar Alcohols, g , 8,
67500p12,Protein, g , 15,30
67510p12,Calories : 210,,,
67510p12,Total Fat, g , 7,9
67510p12,Saturated Fat, g , 5,25
67510p12,Trans Fat, g , 0,
67510p12,Cholesterol, mg , 0,0
67510p12,Sodium, mg , 220,10
67510p12,Total Carbohydrate, g , 21,8
67510p12,Dietary Fiber, g , <1,<4
67510p12,Total Sugars, g , 2,
67510p12,Added Sugars, g , 2,4
67510p12,Sugar Alcohols, g , 8,
67510p12,Protein, g , 15,30
67495p12,Calories : 210,,,
67495p12,Total Fat, g , 7,9
67495p12,Saturated Fat, g , 5,25
67495p12,Trans Fat, g , 0,
67495p12,Cholesterol, mg , 0,0
67495p12,Sodium, mg , 280,12
67495p12,Total Carbohydrate, g , 21,8
67495p12,Dietary Fiber, g , <1,<4
67495p12,Total Sugars, g , 2,
67495p12,Added Sugars, g , 2,4
67495p12,Sugar Alcohols, g , 8,
67495p12,Protein, g , 15,30
63309,Calories : 210,,,
63309,Calories from Fat : 60,,,
63309,Total Fat, g , 7,11
63309,Saturated Fat, g , 4,20
63309,Trans Fat, g , 0,
63309,Cholesterol, mg , <5,<2
63309,Sodium, mg , 250,10
63309,Potassium, mg , 60,2
63309,Total Carbohydrate, g , 22,7
63309,Dietary Fiber, g , <1,<4
63309,Sugars, g , 15,
63309,Protein, g , 15,30
63299,Calories : 210,,,
63299,Calories from Fat : 60,,,
63299,Total Fat, g , 7,11
63299,Saturated Fat, g , 3.5,18
63299,Trans Fat, g , 0,
63299,Cholesterol, mg , <5,<2
63299,Sodium, mg , 260,11
63299,Potassium, mg , 150,4
63299,Total Carbohydrate, g , 23,8
63299,Dietary Fiber, g , 1,4
63299,Sugars, g , 17,
63299,Protein, g , 15,30
