ID,url,name,price,size_or_weight,availability,item_type,description,ingredients,allergin_info,serving_size_1,serving_size_2,serving_size_3,serving_size_4,serving_size_5,footnotes,nutrient_table_1,nutrient_table_2,nutrient_table_3,nutrient_table_4,nutrient_table_5,vitamin_table_1,vitamin_table_2,vitamin_table_3,vitamin_table_4,vitamin_table_5,mineral_table_1,mineral_table_2,mineral_table_3,mineral_table_4,mineral_table_5,Sizes,Form,Flavours,Usage,clinical indications,benefits,clinical_indications,feature_table_rows
0,https://www.ncare.net.au/nutrition-products/optifast/optifastr-vlcdtm-shake-18-pack-1,OPTIFAST® VLCD™ Shake 18                ,,,,"['12317536CASE:Chocolate|Case', '12317534CASE:Vanilla|Case', '12317536EACH:Chocolate|Each', '12317534EACH:Vanilla|Each']",,"Vanilla Flavour: Skimmed Milk Powder (31%), Milk Proteins [Calcium Caseinate (20%), Sodium Caseinate (10%)], Maltodextrin (Corn), Vegetable Oil (Canola, Sunflower), Minerals (Potassium Citrate, Magnesium Carbonate, Calcium Phosphate, Sodium Chloride, Potassium Phosphate, Ferric Pyrophosphate, Copper Gluconate, Zinc Sulphate, Manganese Sulphate, Sodium Fluoride, Potassium Iodide, Sodium Molybdate, Sodium Selenite, Chromium Chloride), Vegetable Gum (414), Fructo-Oligosaccharide, Inulin, Medium Chain Triglycerides, Glucose Syrup (Corn), Sugar, Fish Oil, Flavour, Emulsifiers (472c, Soy Lecithin, 471), Sweeteners (Aspartame, Acesulfame Potassium), Antioxidants (301, 304, 306), Vitamins (Vitamin E Acetate, Nicotinamide, Calcium Pantothenate, Sodium Ascorbate, Pyridoxine Hydrochloride, Thiamine Hydrochloride, Vitamin A Acetate, Riboflavin, Folic Acid, Phytomenadione, Cholecalciferol, Cyanocobalamin, Biotin), Colour (Curcumin). Contains Milk, Soy and Fish. Contains Phenylalanine. May contain Egg. Gluten-free. ",,Servings Per Pack:  12 or 18 Serving Size:  53g (Powder),,,,,,"[['Servings Per Pack:\xa0 12 or 18\xa0Serving Size: \xa053g\xa0(Powder)', 'Energy', '', 'Protein', 'Fat-total', '- Saturated', '- Linolenic Acid', '- -Linolenic', 'Carbohydrate', '- Sugars', '- Lactose', 'Dietary Fibre', 'Sodium', 'Vitamin A', 'Thiamin B1', 'Riboflavin (B2)', 'Niacin', 'Pantothenic Acid', 'Vitamins B6', 'Biotin', 'Folic Acid', 'Vitamin B12', 'Vitamin C', 'Vitamin D', 'Vitamin E', 'Vitamin K', 'Calcium', 'Chromium', 'Copper', 'Fluoride', 'Iodine', 'Iron', 'Magnesium', 'Manganese', 'Molybdenum', 'Phosphorus', 'Selenium', 'Zinc', 'Potassium', 'Chloride', 'Gluten', ''], ['Average Quantityper Serving', '840kJ', '201Cal', '20g', '4.5g', '0.9g', '1.2 g', '196mg', '18.2 g', '10.1 g', '9.5g', '3.6g', '215 mg', '345ug RE', '0.58 mg', '0.74mg', '8.0mg NE', '2.7 mg', '1.0 mg', '10.6ug', '110ug', '1.1ug', '40mg', '3.7ug', '7.7 mg TE', '31.8ug', '420 mg', '13ug', '1.1mg', '340ug', '98ug', '8.0 mg', '160 mg', '0.8 mg', '18.6ug', '360 mg', '40ug', '4.2 mg', '955mg', '280 mg', 'nil detected', ''], ['Average Quantityper 100g', '1580kJ', '379Cal', '37.7g', '8.5g', '1.7g', '2.2 g', '370mg', '34.4 g', '19 g', '18g', '6.8g', '410 mg', '650ug RE', '1.10 mg', '1.40 mg', '15mg NE', '5 mg', '1.9 mg', '20ug', '210ug', '2ug', '75mg', '7ug', '14 mg TE', '60ug', '800 mg', '25ug', '2mg', '650ug', '185ug', '15 mg', '300 mg', '1.5 mg', '35ug', '680 mg', '75ug', '8 mg', '1800mg', '530 mg', 'nil detected'], ['Average Quantity \xa0per 100ml\xa0(made up with 200ml\xa0water)', '354kJ', '85Cal', '8.4g', '1.9g', '0.4g', '0.5 g', '83mg', '7.7 g', '4.3 g', '4g', '1.5g', '92 mg', '146ug RE', '0.2 mg', '0.3mg', '3.4mg NE', '1.1 mg', '0.4 mg', '4.5ug', '4.5ug', '0.4ug', '17mg', '1.6ug', '3.1 mg TE', '13.4ug', '180 mg', '5.6ug', '0.4mg', '146ug', '42ug', '3.4 mg', '67 mg', '0.3 mg', '7.8ug', '150 mg', '16.8ug', '1.8 mg', '405 mg', '120 mg', 'nil detected']]",,,,,,,,,,,,,,,"['Each', 'Case']",,"['Chocolate', 'Vanilla']","Add one sachet of OPTIFAST® VLCD™ to 200-250mL of cold or warm water. Stir, blend or shake to dissolve. Do not use boiling water. All prepared products should be tightly covered and consumed within 6 hours at room temperature or within 24 hours if refrigerated. Note: Do not change proportions. Follow preparation instructions. Discard any unfinished product that has been heated.
Very Low Energy Diet: For Intensive Level of the program, replace all meals with three OPTIFAST® VLCD™ products per day. Additionally, consume a minimum of two litres of calorie-free fluid and at least two cups of low starch vegetables with one teaspoon of vegetable oil per day. A program of regular light exercise enhances wellbeing and the likelihood of success. One serve of OPTIFAST® VLCD™ Shake can be replaced with one serve of any other product in the OPTIFAST® VLCD™ range (Desserts, Soups, Bars).
 ",,,,
0,https://www.ncare.net.au/nutrition-products/dysphagia/resourceathickenupaclear125-1,RESOURCE® ThickenUp® 125g                ,,,,"['12132987CASE:Neutral|Case', '12132987EACH:Neutral|Each']","Nestlé Health Science RESOURCE® ThickenUp® Clear is the clear solution for dysphagia.  Our exclusive patented xanthan gum formulation offers a clear solution for patients and clinicians. Resource® ThickenUp® Clear is a food for special medical purposes for the dietary management of people with swallowing difficulties. Instant Food and Drink Thickener. Transparent, tasteless, odourless and lump-free. Easy to mix and easy to measure. Rapid thickening and stabilisation. Innovative Technology: Patented process and exclusive Xanthan-gum blend. Its proven amylase resistance ensures stable consistency during the entire swallowing process.  Improves Compliance: Does not affect colour, taste and odour of hot or cold liquids or foods. 
 Resource® ThickenUp® Clear is a food for special medical purposes for the dietary management of people with swallowing difficulties. Instant Food and Drink Thickener. Transparent, tasteless, odourless and lump-free. Easy to mix and easy to measure. Rapid thickening and stabilisation. Innovative Technology: Patented process and exclusive Xanthan-gum blend. Its proven amylase resistance ensures stable consistency during the entire swallowing process.  Improves Compliance: Does not affect colour, taste and odour of hot or cold liquids or foods. 
Resource® ThickenUp® Clear is a food for special medical purposes for the dietary management of people with swallowing difficulties. Instant Food and Drink Thickener. Transparent, tasteless, odourless and lump-free. Easy to mix and easy to measure. Rapid thickening and stabilisation. Innovative Technology: Patented process and exclusive Xanthan-gum blend. Its proven amylase resistance ensures stable consistency during the entire swallowing process.  Improves Compliance: Does not affect colour, taste and odour of hot or cold liquids or foods. 
 Instant Food and Drink Thickener. Transparent, tasteless, odourless and lump-free. Easy to mix and easy to measure. Rapid thickening and stabilisation. Innovative Technology: Patented process and exclusive Xanthan-gum blend. Its proven amylase resistance ensures stable consistency during the entire swallowing process.  Improves Compliance: Does not affect colour, taste and odour of hot or cold liquids or foods. 
Instant Food and Drink Thickener. Transparent, tasteless, odourless and lump-free. Easy to mix and easy to measure. Rapid thickening and stabilisation. Innovative Technology: Patented process and exclusive Xanthan-gum blend. Its proven amylase resistance ensures stable consistency during the entire swallowing process.  Improves Compliance: Does not affect colour, taste and odour of hot or cold liquids or foods. 
 Innovative Technology: Patented process and exclusive Xanthan-gum blend. Its proven amylase resistance ensures stable consistency during the entire swallowing process.  Improves Compliance: Does not affect colour, taste and odour of hot or cold liquids or foods. 
","Maltodextrin (Corn, Potato), Thickener (Xanthan Gum), Mineral Salt (Potassium Chloride). May contain milk.
 ",,Servings Per Pack:  1 Serving Size:  1.2g (Nectar-like) ,,,,,,"[['Servings Per Pack:\xa0 1 Serving Size: \xa01.2g\xa0(Nectar-like) ', 'Energy', '', 'Protein', 'Fat-total', '- Saturated', 'Carbohydrate', '- Sugars', 'Dietary Fibre', 'Sodium', 'Potassium', ''], ['Average Quantityper Serving ', '15 kJ', '3.7Cal', '0.01 g', '0.0 g', '0.0g', '0.8 g', '0.02g', '0.3 g', '13mg', '4.8mg', 'Approx 104 x 1.2g serves/can'], ['Average Quantityper 100 g ', '1285kJ', '310Cal', '0.8g', '0g', '0g', '63g', '1.8g', '29g', '1060mg', '400mg', 'Approx 104 x 1.2g serves/can'], ['Average Quantityper Serving Honey-like  ', '31kJ', '7.4Cal', '0.02g', '0g', '0g', '1.5g', '0.04g', '0.7g', '25mg', '9.6mg']]",,,,,,,,,,,,,,,"['Each', 'Case']",,['Neutral'],"- Use the dosage scoop included in the tin.
- First add desired quantity of powder into empty container (glass).
- Then add liquid into container (glass) and stir with a spoon until completely dissolved

1 blue scoop = 1.2 g
For pureed food add RESOURCE® ThickenUp® Clear as needed to achieve appropriate consistency.
Easy to Use: One dosage per thickening level for all liquids*. Stabilises rapidly and remains stable. Dissolves in oral nutritional supplements.
* Refer to a health care professional when mixing protein containing liquids (eg oral nutritional supplements and milk), carbonated and alcoholic beverages. These liquids behave uniquely when prepared with RESOURCE® ThickenUp® Clear.  It is the responsibility of the person administering RESOURCE® ThickenUp® Clear to ensure that the liquid is mixed to the appropriate consistency.


 ",,"['Transparent', 'Lump-free', 'Odourless', 'Easy to Mix']",['Dysphagia'],[]
0,https://www.ncare.net.au/nutrition-products/dysphagia/resourceathickenupaclear900-1,RESOURCE® ThickenUp® 900g                ,,,,"['12114005CASE:Neutral|Case', '12114005EACH:Neutral|Each']","Nestlé Health Science RESOURCE® ThickenUp® Clear is the clear solution for dysphagia.  Our exclusive patented xanthan gum formulation offers a clear solution for patients and clinicians. Resource® ThickenUp® Clear is a food for special medical purposes for the dietary management of people with swallowing difficulties. Instant Food and Drink Thickener. Transparent ,  tasteless ,  odourless and lump-free. Easy to mix and easy to measure. Rapid thickening and stabilisation. Innovative Technology: Patented process and exclusive Xanthan-gum blend. Its proven amylase resistance ensures stable consistency during the entire swallowing process.  Improves Compliance: Does not affect colour, taste and odour of hot or cold liquids or foods. 
 Resource® ThickenUp® Clear is a food for special medical purposes for the dietary management of people with swallowing difficulties. Instant Food and Drink Thickener. Transparent ,  tasteless ,  odourless and lump-free. Easy to mix and easy to measure. Rapid thickening and stabilisation. Innovative Technology: Patented process and exclusive Xanthan-gum blend. Its proven amylase resistance ensures stable consistency during the entire swallowing process.  Improves Compliance: Does not affect colour, taste and odour of hot or cold liquids or foods. 
Resource® ThickenUp® Clear is a food for special medical purposes for the dietary management of people with swallowing difficulties. Instant Food and Drink Thickener. Transparent ,  tasteless ,  odourless and lump-free. Easy to mix and easy to measure. Rapid thickening and stabilisation. Innovative Technology: Patented process and exclusive Xanthan-gum blend. Its proven amylase resistance ensures stable consistency during the entire swallowing process.  Improves Compliance: Does not affect colour, taste and odour of hot or cold liquids or foods. 
 Instant Food and Drink Thickener. Transparent ,  tasteless ,  odourless and lump-free. Easy to mix and easy to measure. Rapid thickening and stabilisation. Innovative Technology: Patented process and exclusive Xanthan-gum blend. Its proven amylase resistance ensures stable consistency during the entire swallowing process.  Improves Compliance: Does not affect colour, taste and odour of hot or cold liquids or foods. 
Instant Food and Drink Thickener. Transparent ,  tasteless ,  odourless and lump-free. Easy to mix and easy to measure. Rapid thickening and stabilisation. Innovative Technology: Patented process and exclusive Xanthan-gum blend. Its proven amylase resistance ensures stable consistency during the entire swallowing process.  Improves Compliance: Does not affect colour, taste and odour of hot or cold liquids or foods. 
 Innovative Technology: Patented process and exclusive Xanthan-gum blend. Its proven amylase resistance ensures stable consistency during the entire swallowing process.  Improves Compliance: Does not affect colour, taste and odour of hot or cold liquids or foods. 
","Maltodextrin (Corn, Potato), Thickener (Xanthan Gum), Mineral Salt (Potassium Chloride). May contain milk.
 ",,Servings Per Pack:  750 Serving Size:  1.2g (Nectar-like) ,,,,,,"[['Servings Per Pack:\xa0 750 Serving Size: \xa01.2g\xa0(Nectar-like) ', 'Energy', '', 'Protein', 'Fat-total', '- Saturated', 'Carbohydrate', '- Sugars', 'Dietary Fibre', 'Sodium', 'Potassium', ''], ['Average Quantityper Serving ', '15 kJ', '3.7Cal', '0.01 g', '0.0 g', '0.0g', '0.8 g', '0.02g', '0.3 g', '13 mg', '4.8mg', ''], ['Average Quantityper 100 g ', '1285kJ', '310Cal', '0.8g', '0g', '0g', '63g', '1.8g', '29g', '1060mg', '400mg'], ['% Daily Intake Per Serving Honey-like ', '', '', '', '', '', '', '', '', '', ''], ['Average Quantityper Serving Honey-like  ', '31kJ', '7.4Cal', '0.02g', '0g', '0g', '1.5g', '0.04g', '0.7g', '25mg', '9.6mg']]",,,,,,,,,,,,,,,"['Each', 'Case']",,['Neutral'],"- Use the dosage scoop included in the tin.
- First add desired quantity of powder into empty container (glass).
- Then add liquid into container (glass) and stir with a spoon until completely dissolved

1 blue scoop = 1.2 g
For pureed food add RESOURCE® ThickenUp® Clear as needed to achieve appropriate consistency.
Easy to Use: One dosage per thickening level for all liquids*. Stabilises rapidly and remains stable. Dissolves in oral nutritional supplements.
* Refer to a health care professional when mixing protein containing liquids (eg oral nutritional supplements and milk), carbonated and alcoholic beverages. These liquids behave uniquely when prepared with RESOURCE® ThickenUp® Clear.  It is the responsibility of the person administering RESOURCE® ThickenUp® Clear to ensure that the liquid is mixed to the appropriate consistency.


 ",,"['Transparent', 'Lump-free', 'Odourless', 'Easy to mix']",['Dysphagia'],[]
0,https://www.ncare.net.au/nutrition-products/optifast/optifastavlcdshake54g-1,OPTIFAST® VLCD™ Shake                ,,,,"['12316505CASE:Strawberry|Case', '12316513CASE:Coffee|Case', '12316504CASE:Chocolate|Case', '12316480CASE:Vanilla|Case', '12316367CASE:Banana|Case', '12316506CASE:Caramel|Case', '12375987CASE:Assorted|Case', '12375987EACH:Assorted|Each', '12316506EACH:Caramel|Each', '12316367EACH:Banana|Each', '12316480EACH:Vanilla|Each', '12316504EACH:Chocolate|Each', '12316513EACH:Coffee|Each', '12316505EACH:Strawberry|Each', '12314169EACH:Chai|Each', '12314169CASE:Chai|Case']",,"Vanilla Flavour:  Skimmed Milk Powder (31%), Milk Proteins [Calcium Caseinate (20%), Sodium Caseinate (10%)], Maltodextrin (Corn), Vegetable Oil (Canola, Sunflower), Minerals (Potassium Citrate, Magnesium Carbonate, Calcium Phosphate, Sodium Chloride, Potassium Phosphate, Ferric Pyrophosphate, Copper Gluconate, Zinc Sulphate, Manganese Sulphate, Sodium Fluoride, Potassium Iodide, Sodium Molybdate, Sodium Selenite, Chromium Chloride), Vegetable Gum (414), Fructo-Oligosaccharide, Inulin, Medium Chain Triglycerides, Glucose Syrup (Corn), Sugar, Fish Oil, Flavour, Emulsifiers (472c, Soy Lecithin, 471), Sweeteners (Aspartame, Acesulfame Potassium), Antioxidants (301, 304, 306), Vitamins (Vitamin E Acetate, Nicotinamide, Calcium Pantothenate, Sodium Ascorbate, Pyridoxine Hydrochloride, Thiamine Hydrochloride, Vitamin A Acetate, Riboflavin, Folic Acid, Phytomenadione, Cholecalciferol, Cyanocobalamin, Biotin), Colour (Curcumin). Contains Milk, Soy and Fish. Contains Phenylalanine. May contain Egg. Gluten-free.
 ",,Servings Per Pack:  12 or 18 Serving Size:  53g (Powder),,,,,,"[['Servings Per Pack:\xa0 12 or 18\xa0Serving Size: \xa053g\xa0(Powder)', 'Energy', '', 'Protein', 'Fat-total', '- Saturated', '- Linolenic Acid', '- -Linolenic', 'Carbohydrate', '- Sugars', '- Lactose', 'Dietary Fibre', 'Sodium', 'Vitamin A', 'Thiamin B1', 'Riboflavin (B2)', 'Niacin', 'Pantothenic Acid', 'Vitamins B6', 'Biotin', 'Folic Acid', 'Vitamin B12', 'Vitamin C', 'Vitamin D', 'Vitamin E', 'Vitamin K', 'Calcium', 'Chromium', 'Copper', 'Fluoride', 'Iodine', 'Iron', 'Magnesium', 'Manganese', 'Molybdenum', 'Phosphorus', 'Selenium', 'Zinc', 'Potassium', 'Chloride', 'Gluten', ''], ['Average Quantityper Serving', '840kJ', '201Cal', '20g', '4.5g', '0.9g', '1.2 g', '196mg', '18.2 g', '10.1 g', '9.5g', '3.6g', '215 mg', '345ug RE', '0.58 mg', '0.74mg', '8.0mg NE', '2.7 mg', '1.0 mg', '10.6ug', '110ug', '1.1ug', '40mg', '3.7ug', '7.7 mg TE', '31.8ug', '420 mg', '13ug', '1.1mg', '340ug', '98ug', '8.0 mg', '160 mg', '0.8 mg', '18.6ug', '360 mg', '40ug', '4.2 mg', '955mg', '280 mg', 'nil detected', ''], ['Average Quantityper 100g', '1580kJ', '379Cal', '37.7g', '8.5g', '1.7g', '2.2 g', '370mg', '34.4 g', '19 g', '18g', '6.8g', '410 mg', '650ug RE', '1.10 mg', '1.40 mg', '15mg NE', '5 mg', '1.9 mg', '20ug', '210ug', '2ug', '75mg', '7ug', '14 mg TE', '60ug', '800 mg', '25ug', '2mg', '650ug', '185ug', '15 mg', '300 mg', '1.5 mg', '35ug', '680 mg', '75ug', '8 mg', '1800mg', '530 mg', 'nil detected'], ['Average Quantity \xa0per 100ml\xa0(made up with 200ml\xa0water)', '354kJ', '85Cal', '8.4g', '1.9g', '0.4g', '0.5 g', '83mg', '7.7 g', '4.3 g', '4g', '1.5g', '92 mg', '146ug RE', '0.2 mg', '0.3mg', '3.4mg NE', '1.1 mg', '0.4 mg', '4.5ug', '4.5ug', '0.4ug', '17mg', '1.6ug', '3.1 mg TE', '13.4ug', '180 mg', '5.6ug', '0.4mg', '146ug', '42ug', '3.4 mg', '67 mg', '0.3 mg', '7.8ug', '150 mg', '16.8ug', '1.8 mg', '405 mg', '120 mg', 'nil detected']]",,,,,,,,,,,,,,,"['Each', 'Case']",,"['Banana', 'Chocolate', 'Chai', 'Caramel', 'Assorted', 'Strawberry', 'Coffee', 'Vanilla']","Add one sachet of OPTIFAST® VLCD™ to 200-250mL of cold or warm water. Stir, blend or shake to dissolve. Do not use boiling water. All prepared products should be tightly covered and consumed within 6 hours at room temperature or within 24 hours if refrigerated. Note: Do not change proportions. Follow preparation instructions. Discard any unfinished product that has been heated.
Very Low Energy Diet: For Intensive Level of the program, replace all meals with three OPTIFAST® VLCD™ products per day. Additionally, consume a minimum of two litres of calorie-free fluid and at least two cups of low starch vegetables with one teaspoon of vegetable oil per day. A program of regular light exercise enhances wellbeing and the likelihood of success. One serve of OPTIFAST® VLCD™ Shake can be replaced with one serve of any other product in the OPTIFAST® VLCD™ range (Desserts, Soups, Bars).

 ",,,,
0,https://www.ncare.net.au/nutrition-products/optifast/optifastr-vlcdtm-shake-18-pack-1,OPTIFAST® VLCD™ Shake 18                ,,,,"['12317536CASE:Chocolate|Case', '12317534CASE:Vanilla|Case', '12317536EACH:Chocolate|Each', '12317534EACH:Vanilla|Each']",,"Vanilla Flavour: Skimmed Milk Powder (31%), Milk Proteins [Calcium Caseinate (20%), Sodium Caseinate (10%)], Maltodextrin (Corn), Vegetable Oil (Canola, Sunflower), Minerals (Potassium Citrate, Magnesium Carbonate, Calcium Phosphate, Sodium Chloride, Potassium Phosphate, Ferric Pyrophosphate, Copper Gluconate, Zinc Sulphate, Manganese Sulphate, Sodium Fluoride, Potassium Iodide, Sodium Molybdate, Sodium Selenite, Chromium Chloride), Vegetable Gum (414), Fructo-Oligosaccharide, Inulin, Medium Chain Triglycerides, Glucose Syrup (Corn), Sugar, Fish Oil, Flavour, Emulsifiers (472c, Soy Lecithin, 471), Sweeteners (Aspartame, Acesulfame Potassium), Antioxidants (301, 304, 306), Vitamins (Vitamin E Acetate, Nicotinamide, Calcium Pantothenate, Sodium Ascorbate, Pyridoxine Hydrochloride, Thiamine Hydrochloride, Vitamin A Acetate, Riboflavin, Folic Acid, Phytomenadione, Cholecalciferol, Cyanocobalamin, Biotin), Colour (Curcumin). Contains Milk, Soy and Fish. Contains Phenylalanine. May contain Egg. Gluten-free. ",,Servings Per Pack:  12 or 18 Serving Size:  53g (Powder),,,,,,"[['Servings Per Pack:\xa0 12 or 18\xa0Serving Size: \xa053g\xa0(Powder)', 'Energy', '', 'Protein', 'Fat-total', '- Saturated', '- Linolenic Acid', '- -Linolenic', 'Carbohydrate', '- Sugars', '- Lactose', 'Dietary Fibre', 'Sodium', 'Vitamin A', 'Thiamin B1', 'Riboflavin (B2)', 'Niacin', 'Pantothenic Acid', 'Vitamins B6', 'Biotin', 'Folic Acid', 'Vitamin B12', 'Vitamin C', 'Vitamin D', 'Vitamin E', 'Vitamin K', 'Calcium', 'Chromium', 'Copper', 'Fluoride', 'Iodine', 'Iron', 'Magnesium', 'Manganese', 'Molybdenum', 'Phosphorus', 'Selenium', 'Zinc', 'Potassium', 'Chloride', 'Gluten', ''], ['Average Quantityper Serving', '840kJ', '201Cal', '20g', '4.5g', '0.9g', '1.2 g', '196mg', '18.2 g', '10.1 g', '9.5g', '3.6g', '215 mg', '345ug RE', '0.58 mg', '0.74mg', '8.0mg NE', '2.7 mg', '1.0 mg', '10.6ug', '110ug', '1.1ug', '40mg', '3.7ug', '7.7 mg TE', '31.8ug', '420 mg', '13ug', '1.1mg', '340ug', '98ug', '8.0 mg', '160 mg', '0.8 mg', '18.6ug', '360 mg', '40ug', '4.2 mg', '955mg', '280 mg', 'nil detected', ''], ['Average Quantityper 100g', '1580kJ', '379Cal', '37.7g', '8.5g', '1.7g', '2.2 g', '370mg', '34.4 g', '19 g', '18g', '6.8g', '410 mg', '650ug RE', '1.10 mg', '1.40 mg', '15mg NE', '5 mg', '1.9 mg', '20ug', '210ug', '2ug', '75mg', '7ug', '14 mg TE', '60ug', '800 mg', '25ug', '2mg', '650ug', '185ug', '15 mg', '300 mg', '1.5 mg', '35ug', '680 mg', '75ug', '8 mg', '1800mg', '530 mg', 'nil detected'], ['Average Quantity \xa0per 100ml\xa0(made up with 200ml\xa0water)', '354kJ', '85Cal', '8.4g', '1.9g', '0.4g', '0.5 g', '83mg', '7.7 g', '4.3 g', '4g', '1.5g', '92 mg', '146ug RE', '0.2 mg', '0.3mg', '3.4mg NE', '1.1 mg', '0.4 mg', '4.5ug', '4.5ug', '0.4ug', '17mg', '1.6ug', '3.1 mg TE', '13.4ug', '180 mg', '5.6ug', '0.4mg', '146ug', '42ug', '3.4 mg', '67 mg', '0.3 mg', '7.8ug', '150 mg', '16.8ug', '1.8 mg', '405 mg', '120 mg', 'nil detected']]",,,,,,,,,,,,,,,"['Each', 'Case']",,"['Chocolate', 'Vanilla']","Add one sachet of OPTIFAST® VLCD™ to 200-250mL of cold or warm water. Stir, blend or shake to dissolve. Do not use boiling water. All prepared products should be tightly covered and consumed within 6 hours at room temperature or within 24 hours if refrigerated. Note: Do not change proportions. Follow preparation instructions. Discard any unfinished product that has been heated.
Very Low Energy Diet: For Intensive Level of the program, replace all meals with three OPTIFAST® VLCD™ products per day. Additionally, consume a minimum of two litres of calorie-free fluid and at least two cups of low starch vegetables with one teaspoon of vegetable oil per day. A program of regular light exercise enhances wellbeing and the likelihood of success. One serve of OPTIFAST® VLCD™ Shake can be replaced with one serve of any other product in the OPTIFAST® VLCD™ range (Desserts, Soups, Bars).
 ",,,,
0,https://www.ncare.net.au/nutrition-products/optifast/optifastavlcdasoup54-1,OPTIFAST® VLCD™ Soup 53g Sachet                ,,,,"['12335966CASE:Mixed Vegetables|Case', '12335966EACH:Mixed Vegetables|Each', '12335969CASE:Tomato|Case', '12335969EACH:Tomato|Each', '12335856CASE:Chicken|Case', '12335856EACH:Chicken|Each']","The easy to prepare Soup products are part of the OPTIFAST® VLCD™ range and a perfect option for a savoury, hot and satisfying meal that can be enjoyed at any time of the day.  The Soups come in 3 delicious flavours Chicken, Tomato Country Style and Vegetable.
They are part of a nutritionally complete Program, that is high in protein, is a source of fibre.
OPTIFAST® VLCD™ should be taken under the supervision of a healthcare professional.
Very Low Energy Diet. Take an additional two litres of calorie-Free fluid each day. Unsuitable for use by Pregnant or Lactating Women, Infants, children, Adolescents or People Older than 65 years of age.
","Tomato Flavour Soup: Milk Proteins [Calcium Caseinate (20%), Sodium Caseinate (10%)], Skimmed Milk Powder (24%), Tomato (8.5%), Minerals (Potassium Citrate, Sodium Chloride, Calcium Phosphate, Magnesium Oxide, Potassium Phosphate, Ferric Pyrophosphate, Zinc Sulphate, Copper Gluconate, Manganese Sulphate, Sodium Fluoride, Potassium Iodide, Sodium Selenite, Sodium Molybdate, Chromium Chloride), Vegetable Oil (Canola, Sunflower), Maltodextrin (Potato, Corn),  Vegetable Gum (414), Colours (Beetroot, Curcumin), Fructo-Oligosaccharide, Inulin, Medium Chain Triglycerides, Glucose Syrup (Corn), Sugar, Fish Oil, Parsley, Emulsifiers (472c, Soy Lecithin, 471), Antioxidants (301, 306, 304), Flavours, Vitamins (Vitamin E Acetate, Nicotinamide, Calcium Pantothenate, Sodium Ascorbate, Pyridoxine Hydrochloride, Thiamine Hydrochloride, Vitamin A Acetate, Riboflavin, Folic Acid, Phytomenadione, Cholecalciferol, Cyanocobalamin, Biotin).  Contains Milk, Soy and Fish. May contain Egg. Gluten-free.
 ",,Servings Per Pack:  8 Serving Size:  53g (Satchet),,,,,,"[['Servings Per Pack:\xa0 8 Serving Size: \xa053g\xa0(Satchet)', 'Energy', '', 'Protein', 'Fat-total', '- Saturated', '- Linoleic Acid', '- alpha-Linolenic Acid', 'Carbohydrate', '- Sugars', '- Lactose', 'Dietary Fibre', 'Sodium', 'Vitamin A', 'Vitamin B1(Thiamin)', 'Riboflavin (B2)', 'Niacin', 'Folic Acid', 'Vitamin B6', 'Vitamin B12', 'Biotin', 'Pantothenic Acid', 'Vitamin C', 'Vitamin D', 'Vitamin E', 'Vitamin K', 'Zinc', 'Calcium', 'Iron', 'Iodine', 'Magnesium', 'Manganese', 'Molybdenum', 'Phosphorus', 'Selenium', 'Copper', 'Chloride', 'Potassium', 'Chromium', ''], ['Average Quantityper Serving', '840 kJ', '201 Cal', '20 g', '4.5 g', '0.9 g', '1.2 g', '196 mg', '18.2 g', '10.1 g', '8.0 g', '3.6 g', '725 mg', '345 gRE', '0.58 mg', '0.69 mg', '8.0 mg NE', '111 g', '1.0 mg', '1.1 g', '9.8 g', '2.7 mg', '40 mg', '3.7 g', '7.4 mg TE', '37.1 g', '4.2 mg', '420 mg', '8.0 mg', '93 g', '160 mg', '0.8 mg', '24 g', '360mg', '38g', '1.1 mg', '1030mg', '780mg', '15.9 g'], ['Average Quantityper 100g', '1580kJ', '379 Cal', '37.7 g', '8.5 g', '1.7g', '2.2 g', '370 mg', '34.4 g', '19g', '15 g', '6.8 g', '1370mg', '650 gRE', '1.1mg', '1.3 mg', '15 mg NE', '210 g', '1.9 mg', '2.0 g', '18.5 g', '5mg', '75 mg', '7g', '14 mg TE', '70 g', '7.9 mg', '800 mg', '15 mg', '175 g', '300 mg', '1.5 mg', '45 g', '680mg', '70g', '2 mg', '1950 mg', '1440mg', '30 g'], ['Ave Qty per 100ml made up with water', '354 kJ', '85 Cal', '8.4 g', '1.9g', '0.4 g', '0.5 g', '83 mg', '7.7g', '4.3g', '3.4 g', '1.5g', '305 mg', '146 gRE', '0.25mg', '0.29 mg', '3.4 mg NE', '47 g', '0.4 mg', '0.4 g', '4.1 g', '1.1 mg', '17 mg', '1.6 g', '3.1 mg TE', '15.7 g', '1.8 mg', '180 mg', '3.4 mg', '39 g', '67 mg', '0.3 mg', '10 g', '150mg', '16g', '0.4 mg', '465mg', '440 mg', '6.7 g']]",,,,,,,,,,,,,,,"['Each', 'Case']",,"['Tomato', 'Mixed Vegetables', 'Chicken']","For best results, add one sachet of OPTIFAST® VLCD™ to 200-250mL of cold water in a shaker.  Shake vigorously.  Pour soup into a microwaveable bowl or cup.  Microwave on high for 20 seconds then stir contents.  Keep heating in 20 second intervals, stirring after each time, until desired temperature is reached.  Do Not Boil.
Alternatively, add one sachet to 200-250ml cold water, stir vigorously with a whisk, gently heat on the stove whilst stirring until desired temperature is reached. Do Not Boil.
All prepared products should be tightly covered and consumed within 6 hours at room temperature or within 24 hours if refrigerated.
Note: Do not change proportions. Follow preparation instructions. Discard any unfinished product that has been heated.
Very Low Energy Diet: For Intensive Level of the program, replace all meals with three OPTIFAST® VLCD™ products per day. Additionally, consume a minimum of two litres of calorie-free fluid and at least two cups of low starch vegetables with one teaspoon of vegetable oil per day. A program of regular light exercise enhances wellbeing and the likelihood of success. One serve of OPTIFAST® VLCD™ Soup can be replaced with one serve of any other product in the OPTIFAST® VLCD™ range (Desserts, Shakes, Bars).



 ",,,,
0,https://www.ncare.net.au/nutrition-products/optifast/optifast-vlcd-bars,OPTIFAST VLCD Bars                 ,,,,"['12371262CASE:Cappuccino|Case', '12371261CASE:Berry Crunch|Case', '12371263CASE:Chocolate|Case', '12327656CASE:Assorted|Case', '12406193EACH:Assorted|Each', '12371263EACH:Chocolate|Each', '12371261EACH:Berry Crunch|Each', '12371262EACH:Cappuccino|Each', '12371264EACH:Cranberry|Each', '12371264CASE:Cranberry|Case']","These delicious and convenient Bars are one the products in the OPTIFAST VLCD range.
The Bars are part of a nutritionally complete Program, are high in protein, a good source of fibre and conveniently ready to eat.
OPTIFAST VLCD should be taken under the supervision of a healthcare professional.
Very Low Energy Diet. Take an additional two litres of calorie-free fluid each day. Unsuitable for use by Pregnant or Lactating Women, Infants, children, Adolescents or People Older than 65 years of age. People with existing medical conditions, please consult your Healthcare Professional before use.
","Chocolate Bar: Milk Proteins, Milk Chocolate (15%) [Sugar, Cocoa Solids (6%), Whole Milk Powder, Emulsifier (Soy Lecithin), Flavour], Polydextrose, Sorbitol, Glycerol, Minerals (Potassium Citrate, Calcium Carbonate, Sodium Citrate, Sodium Phosphate, Magnesium Hydroxide Carbonate, Magnesium Carbonate, Magnesium Phosphate, Calcium Phosphate, Copper Sulphate, Iron Pyrophosphate, Potassium Iodate, Sodium Selenate, Zinc Oxide, Manganese Sulphate), Cocoa Powder (5%), Vegetable Oils (Rapeseed, Safflower), Fructose Syrup, Soy Protein Isolate, Glucose Syrup, Flavour, Vitamins (Ascorbic Acid, Vitamin E Acetate, Niacinamide, Vitamin A Acetate, Calcium Pantothenate, Biotin, Cyanocobalamin, Folic Acid, Cholecalciferol, Pyridoxine Hydrochloride, Riboflavin, Phylloquinone, Thiamin Mononitrate), Emulsifier (Soy Lecithin).
Contains Milk and Soy. May contain Tree Nuts, Peanuts and Oats. ",,Servings Per Pack:  6 Serving Size:  70g (Bar),,,,,,"[['Servings Per Pack:\xa0 6 Serving Size:\xa0\xa070g\xa0(Bar)', 'Energy', '', 'Protein', 'Fat - total', '- Saturated', '- Monounsaturated', '- Polyunsaturated', '- -Linolenic Acid', '- Linoleic Acid', 'Carbohydrate', '- Sugars', '- Lactose', '- Glycerol', '- Sorbitol', 'Fibre', '- Polydextrose', 'Sodium', 'Vitamin A', 'Thiamin', 'Riboflavin', 'Niacin', 'Pantothenic Acid', 'Vitamins B6', 'Biotin', 'Folic Acid', 'Vitamin B12', 'Vitamin C', 'Vitamin D', 'Vitamin E', 'Vitamin K', 'Calcium', 'Copper', 'Iodine', 'Iron', 'Magnesium', 'Manganese', 'Phosphorus', 'Selenium', 'Zinc', 'Potassium'], ['Average Quantity per Serving', '980 kJ', '233 Cal', '19.3 g', '7.6g', '2.8g', '2.7 g', '1.4g', '168mg', '1190 mg', '23.4 g', '7.1g', '1.4g', '6.5g', '5.4g', '6.7g', '5.6g', '335mg', '336gRE', '0.46 mg', '0.91 mg', '14 mg NE', '2.8 mg', '0.9 mg', '19.6g', '140g', '2.0g', '39mg', '2.8 g', '5.3 mg TE', '31.5 ug', '420mg', '0.8 mg', '70 g', '6.8mg', '140 mg', '0.8mg', '290mg', '28 g', '4.9mg', '840mg'], ['Average Quantity per 100g', '1390 kJ', '333 Cal', '27.6 g', '10.8g', '4.0g', '3.8 g', '2.0g', '240mg', '1700 mg', '33.4 g', '10.2g', '2.0g', '9.3g', '7.7g', '9.6g', '8.0g', '480mg', '480gRE', '0.65 mg', '1.30 mg', '20 mg NE', '4.0mg', '1.3 mg', '28g', '200g', '2.8g', '56mg', '4.0g', '7.5mg TE', '45.0 ug', '600mg', '1.1 mg', '100g', '9.7mg', '195mg', '1.20 mg', '420mg', '40g', '7.0 mg', '1200 mg']]",,,,,,,,,,,,,,,"['Each', 'Case']",,"['Chocolate', 'Cappuccino', 'Assorted', 'Cranberry', 'Berry Crunch']","Instructions
Open wrapper and consumer bar. OPTIFAST VLCD bars are convenient and ready to eat. One bar is equivalent to one meal on the OPTIFAST VLCD Program.
Very Low Energy Diet: For Intensive Level of the program, replace all meals with three OPTIFAST VLCD products per day. Additionally, consume a minimum of two litres of calorie-free fluid and at least two cups of low starch vegetables with one teaspoon of vegetable oil per day. A program of regular light exercise enhances wellbeing and the likelihood of success. One serve of OPTIFAST VLCD Bar can be replaced with one serve of any other product in the Optifast® VLCD™ range (Desserts, Soups, Shakes). ",,,,
0,https://www.ncare.net.au/nutrition-products/oral-supplements-1/novasourcearenal-1,NOVASOURCE® Renal 237ml                ,,,,"['12358289CASE:Vanilla|Case', '12358289EACH:Vanilla|Each']","NOVASOURCE® Renal is 2.0 kcal/mL with a high protein content. It is low in sodium and potassium, and lower in phosphorus for the dietary management of individuals with chronic or acute renal disease and for those requiring electrolyte restrictions. It is nutritionally complete and calorically dense for volume restricted diets. It is suitable for oral or tube feed use.
 
 
","Vanilla:  Water, Glucose Syrup, Vegetable Oil (Low Erucic Acid Rapeseed Oil), Milk Proteins (Sodium and Calcium Caseinates), Sucrose, Soy Protein Isolates, Minerals (Potassium Citrate, Calcium Carbonate, Sodium Chloride, Magnesium Oxide, Potassium Chloride, Zinc Sulphate, Ferrous Sulphate, Copper Gluconate, Manganese Sulphate, Chromium Chloride, Potassium Iodide, Sodium Selenite, Sodium Molybdate), Emulsifier (Soy Lecithin), Stabilizers (E460, E466), Acidity Regulator (E330), Choline Chloride, Vitamins (C, E, Niacinamide, Calcium Pantothenate, B6, B2, B1, Folic Acid, Beta-Carotene, A, Biotin, D3, B12, K1), L-Carnitine, Taurine, Natural and Artificial Flavourings. Contains Milk and Soy.
 
 ",,Servings Per Pack:  1 Serving Size:  237ml (Tetra) ,,,,,,"[['Servings Per Pack:\xa0 1 Serving Size: \xa0237ml\xa0(Tetra) ', 'Energy', '', 'Protein', 'Fat-total', '- Saturated', '- Polyunsaturated', '- Monounsaturated', 'Carbohydrate', '- Sugars', 'Dietary Fibre', 'Sodium', 'Vitamin A', 'Vitamin B1(Thiamin)', 'Vitamin B2(Riboflavin)', 'Niacin', 'Folate', 'Vitamin B6', 'Vitamin B12', 'Biotin', 'Pantothenic Acid', 'Vitamin C', 'Vitamin D', 'Vitamin E', 'Vitamin K', 'Zinc', 'Calcium', 'Iron', 'Iodine', 'Magnesium', 'Manganese', 'Molybdenum', 'Phosphorus', 'Selenium', 'Copper', 'Chloride', 'Potassium', 'Chromium', 'Choline', 'Taurine', 'Carnitine', ''], ['Average Quantityper Serving ', '1986 kJ', '475Cal', '21.6 g', '23.7 g', '1.7g', '5.9g', '13.4g', '43.8 g', '18.2g', '0.0 g', '223 mg', '168gRE', '0.45mg', '0.88mg', '6.6mgNE', '235g', '1.94mg', '1.94g', '13.0g', '2.61mg', '47mg', '2.4g', '8.1mg?-TE', '23.7g', '4.3mg', '171mg', '3.3mg', '52g', '47mg', '0.86mg', '17.5g', '166mg', '28.7g', '520g', '166mg', '194mg', '24.9g', '119mg', '47mg', '71mg', ''], ['Average Quantityper 1000ml ', '8360kJ', '2000Cal', '91g', '100g', '7.1g', '24.7g', '56.4g', '185g', '77g', '0g', '940mg', '710gRE', '1.9mg', '3.7mg', '28mgNE', '990g', '8.2mg', '8.2g', '55g', '11mg', '200mg', '10g', '34mg?-TE', '97g', '18mg', '720mg', '14mg', '220g', '200mg', '3.63mg', '74g', '700mg', '121g', '2200g', '700mg', '820mg', '105g', '500mg', '198mg', '300mg']]",,,,,,,,,,,,,,,"['Each', 'Case']",,['Vanilla'],"RECOMMENDED DAILY INTAKE: Up to four packs a day depending on patientﾒs fluid and protein requirement or restriction, or as recommended by a healthcare professional.
SERVING INSTRUCTIONS: 
TUBE FEEDING: Pour directly into tube feeding container.  Adjust formula flow rate and volume to patientﾒs condition and tolerance.  Provide additional water to meet fluid requirements.  Avoid contamination during preparation and use.
ORAL FEEDING: Chill before serving. 
 ",,,,"[[], ['Energy Density', '2.0 kcal/ml', '8.4 kJ/ml'], ['Energy Distribution'], ['Protein', '18%', 'Sodium Caseinates, Calcium Caseinates\r\nand Soy Protein Isolates'], ['Carbohydrate', '37%', 'Glucose Syrup and Sucrose'], ['Fat', '45%', 'Rapeseed Oil'], ['Glycaemic Index', '.........................................', '46'], ['Nonprotein Calorie: Nitrogen Ratio', '.........................................', '114:1'], ['Calorie: Nitrogen Ratio', '.........................................', '140:1'], ['Osmolality', '.........................................', '760m0sm/kg Water'], ['Renal Solute Load', '.........................................', '380m0sm/1000mL'], ['Water Content', '.........................................', '150 mL/237 mL'], ['Osmolarity', '.........................................', '534m0sm/L'], ['']]"
0,https://www.ncare.net.au/nutrition-products/oral-supplements-1/beneproteina-1,BENEPROTEIN® 227g                ,,,,"['12147940CASE:Neutral|Case', '12147940EACH:Neutral|Each']","Nestlé Health Science BENEPROTEIN® is a concentrated source of high quality protein that mixes instantly and easily with most foods and beverages. Suitable for oral use or tube feed use.
It is not nutritionally complete and should not be used as a sole source of nutrition.
Mixes instantly into most hot and cold foods and beverages.
","Unflavoured:  Whey Protein Isolate (Milk), Soy Lecithin (genetically modified). Contains Milk and Soy.
 ",,Servings Per Pack:  32 Serving Size:  7g (Powder) ,,,,,,"[['Servings Per Pack:\xa0 32 Serving Size: \xa07g\xa0(Powder) ', 'Energy', '', 'Protein', 'Fat-total', '- Saturated', '- Polyunsaturated', '- Monounsaturated', 'Carbohydrate', '- Sugars', 'Dietary Fibre', 'Sodium', 'Vitamin C', 'Vitamin E', 'Calcium', 'Phosphorus', 'Potassium', ''], ['Average Quantityper Serving ', '105 kJ', '25Cal', '6.0 g', '0.0 g', '0.0g', '0.0g', '0.0g', '0.0 g', '0.0g', '0.0 g', '15 mg', '0.0mg', '0.0mg', '20mg', '0.0mg', '30mg', 'Not a significant source of calories from\r\nfat, saturated fat, trans fat, cholesterol,\r\ndietary fiber, sugars, vitamin A, vitamin C,\r\nor iron. \r\n7g serving size equals 1 scoop.\r\nProtein Digestibility corrected Amino Acid Score (PDCAAS) of 100%'], ['%DI*per  Serving', '', '', '', '', '', '', '', '', '', '', '', '', '', '', '', '', 'Not a significant source of calories from\r\nfat, saturated fat, trans fat, cholesterol,\r\ndietary fiber, sugars, vitamin A, vitamin C,\r\nor iron. \r\n7g serving size equals 1 scoop.\r\nProtein Digestibility corrected Amino Acid Score (PDCAAS) of 100%'], ['Average Quantityper 100g ', '1500kJ', '357Cal', '85.7g', '0g', '0g', '0g', '0g', '0g', '0g', '0g', '214mg', '0mg', '0mg', '286mg', '0mg', '428mg']]",,,,,,,,,,,,,,,"['Each', 'Case']",,['Neutral'],"Directions for Oral Use: Stir one scoop (enclosed) of powder into at least 4 fl oz (120 ml)of a beverage or prepared soft food until dissolved.
Directions for Tube Feeding Use: Add one scoop of powder into 2-4 fl oz (60-120 ml) of water. Stir until dissolved. Administer by syringe through feeding tube. Flush afterwards with a minimum of 1-2 fl oz (30-60 mL) water.


*7g serving size equals 1 scoop.

 ",,,,"[[], ['Protein', '100%', 'Whey Protein Isolate'], ['Carbohydrate', '0%', ''], ['Fat', '0%', ''], ['']]"
0,https://www.ncare.net.au/nutrition-products/oral-supplements-1/arginaidaargininepowder-1,ARGINAID® Arginine Powder 9.2g Sachet                ,,,,"['9517630CASE:Orange|Case', '12166667CASE:Lemon|Case', '9517630EACH:Orange|Each', '12166667EACH:Lemon|Each']","Nestlé Health Science ARGINAID® is a fat free arginine powder designed for people with chronic wounds. Suitable for oral or tube feed use and provides 0.11 kcal/mL. ARGINAID® powder is a medical food arginine module specially formulated for the dietary management of altered physiologic or metabolic conditions that respond to increased arginine intake. Nitrogen information: - One serving of ARGINAID® powder provides 4.5g of the amino acid L-arginine (1.4 grams nitrogen) - A single amino acid does not meet the dietary requirement for protein. Mixes quickly and easily with water.

 ARGINAID® powder is a medical food arginine module specially formulated for the dietary management of altered physiologic or metabolic conditions that respond to increased arginine intake. Nitrogen information: - One serving of ARGINAID® powder provides 4.5g of the amino acid L-arginine (1.4 grams nitrogen) - A single amino acid does not meet the dietary requirement for protein. Mixes quickly and easily with water.

ARGINAID® powder is a medical food arginine module specially formulated for the dietary management of altered physiologic or metabolic conditions that respond to increased arginine intake. Nitrogen information: - One serving of ARGINAID® powder provides 4.5g of the amino acid L-arginine (1.4 grams nitrogen) - A single amino acid does not meet the dietary requirement for protein. Mixes quickly and easily with water.

 Mixes quickly and easily with water.

Mixes quickly and easily with water.



","Orange Flavour:  L-arginine Powder, Citric and Malic Acids, Sodium Ascorbate, Alpha-Tocopheryl Acetate (Vitamin E source), and less than 2% of Aspartame (sweetener)*, Acesulfame Potassium (sweetener), Natural and Artificial Flavour, Colour (Beet Juice, Turmeric and Annatto Extracts).  *Phenylketonurics: Contains Phenylalanine ",,Servings Per Pack:  14 Serving Size:  9.2g (Powder),,,,,,"[['Servings Per Pack:\xa0 14 Serving Size: \xa09.2g\xa0(Powder)', 'Energy', '', 'Protein', '- L-Arginine', 'Total Nitrogen', 'Carbohydrate', 'Fat', '- Saturated', 'Sodium', 'Potassium', 'Vitamin C', 'Vitamin E', ''], ['Average Quantityper Serving', '105kJ', '25kcal', '', '4.5g', '1.4 g', '2.0g', '0.0 g', '0.0g', '30.0mg', '5.0 mg', '156.0 mg', '60.0 mg', 'Contains 4.5g per packet of the amino acid L-arginine - a key building block of protein'], ['Average Quantityper 100g', '', '', '', '', '', '', '', '', '', '', '', '']]",,,,,,,,,,,,,,,"['Each', 'Case']",,"['Orange', 'Lemon']","Store unopened power packets at room temperature. After mixing, cover and refrigerate any unused portions. Use within 24 hours. Stir briskly before use.
ORAL FEEDING
Mix content of single-serving packet with 6-8fl oz of water, stir briskly and consume.
TUBE FEEDING
Mix one packet of ARGINAID® with 120-180mL warm water. Mix and administer by syringe down the feeding tube.
DOSAGE
Take 2 servings of ARGINAID® per day. Take for a minimum of 2 weeks or until the wound has healed.
Servings may vary according to individual assessment by a qualified health care provider.

 ",,,,[]
0,https://www.ncare.net.au/nutrition-products/oral-supplements-1/vivonexaten-1,VIVONEX® T.E.N 80g                ,,,,"['12244614CASE:Vanilla|Case', '12244614EACH:Vanilla|Each']","Nestlé Health Science VIVONEX ® T.E.N 
A low fat elemental formula containing 100% free amino acids enriched with glutamine to meet the nutritional needs of patients with gastrointestinal impairment providing 1.0 kcal/ml.
For the short term dietary management of severe chylus leakage, bowel fistulae, pre-bowel surgery, malabsorption and digestion disturbances due to gastrointestinal impairments. Can be used as an alternative to a polymeric diet when there is accelerated transit time or malabsorption.
","Maltodextrin, amino acids (L-leucine, L-glutamine, L-lysine, L-isoleucine, L-valine, L-arginine, L-aspartic acid, L-phenylalanine, L-alanine, L-proline, L-threonine, L-histidine, glycine, L-serine, L-cysteine, L-methionine, L-tryptophan, L-tyrosine), modified potato starch, minerals (calcium lactate, magnesium glycerophosphate, potassium chloride, potassium citrate, trisodium citrate dihydrate, disodium hydrogen phosphate, sodium chloride, dipotassium hydrogen phosphate, zinc sulphate, ferrous sulphate heptahydrate, copper gluconate, manganese sulphate, chromium trichloride, sodium molybdate, potassium iodide, sodium selenite), sunflower oil, stabilizer (E 331), choline bitartrate, vitamins (C, E, pantothenic acid, niacin, B6, B1, B2, A, folic acid, K, biotin, D, B12), L-carnitine, taurine, acidity regulator (E 330). Packed under protective atmosphere. May contain traces of milk.
 ",,Servings Per Pack:  1 Serving Size:  80g (80g Powder + 250mL Water),,,,,,"[['Servings Per Pack:\xa0 1 Serving Size: \xa080g\xa0(80g Powder + 250mL Water)', 'Energy', '', 'Fat-total', '- Saturated', '- Monounsaturated', '- Polyunsaturated', 'Carbohydrate', '- Sugar', 'Fibre', 'Protein', 'Minerals', 'Sodium', 'Chloride', 'Potassium', 'Calcium', 'Phosphorus', 'Magnesium', 'Iron', 'Zinc', 'Copper', 'Iodine', 'Selenium', 'Manganese', 'Chromium', 'Molybdenum', 'Vitamins', 'Vitamin A', 'Vitamin D', 'Vitamin K', 'Vitamin C', 'Vitamin B1', 'Vitamin B2', 'Vitamin B6', 'Niacin', 'Folic Acid', 'Vitamin B12', 'Pantothenic Acid', 'Biotin', 'Vitamin E', 'Choline', ''], ['Average Quantityper 100 g', '1607kJ', '378 kcal', '1.2g', '0.1 g', '0.35g', '0.75g', '78mg', '0.8 g', '0g', '14 g', '', '190 mg', '300 mg', '375 mg', '190mg', '190 mg', '75 mg', '3.4 mg', '4.2 mg', '0.37 mg', '50g', '20g', '0.37 mg', '30g', '25 g', '', '275 g', '3.0g', '30 g', '45 mg', '1.0 mg', '1.0 mg', '1.0 mg', '7.5 mgNE', '70 g', '1.8g', '3.7mg', '20 g', '7.0mgTE', '75 mg', ''], ['Average Quantityper\xa0Serving', '1285kJ', '303 kcal', '1.0 g', '0.08 g', '0.28g', '0.60g', '62mg', '0.64 g', '0g', '11 g', '', '152 mg', '240 mg', '300 mg', '152mg', '152 mg', '60 mg', '2.7 mg', '3.4 mg', '0.30 mg', '40g', '16g', '0.30 mg', '24g', '20 g', '', '220 g', '2.4g', '24 g', '36 mg', '0.80 mg', '0.80 mg', '0.80 mg', '6.0mgNE', '56 g', '1.4g', '3.0mg', '16 g', '5.6mgTE', '60 mg', '']]",,,,,,,,,,,,,,,"['Each', 'Case']",,['Vanilla'],"Shaker (recommended): Put 250 ml of water in a shaker. Add 1 sachet Vivonex® T.E.N. Close the shaker and shake well for 20 seconds.
Mix with fork:  Put 250 ml of water in a cup. Stir 1 sachet Vivonex® T.E.N. while mixing. Stir well for several minutes until a clear solution is obtained.
Dissolution time is 5-10 minutes. Undissolved particles can occur.
Dosage:  6 to 10 sachets per day when used as a sole source of nutrition, or as recommended by the healthcare professional.
 ",,,,"[[], ['Energy Density', '1.0 kcal/ml', '4.2 kJ/ml'], ['Energy Distribution'], ['Protein', '15%', '100% Free Amino Acids'], ['Carbohydrate', '82%', 'Maltodextrin and Modified Potato Starch'], ['Fat', '3%', 'Sunflower Oil'], ['Nonprotein Calorie: Nitrogen Ratio', '.........................................', '147:1'], ['Calorie: Nitrogen Ratio', '.........................................', '173:1'], ['Osmolality', '.........................................', '610m0sm/kg Water'], ['']]"
0,https://www.ncare.net.au/nutrition-products/paediatrics/kidessentialsa-1,KID ESSENTIAL® 800g                ,,,,"['12391370CASE:Vanilla|Case', '12391370EACH:Vanilla|Each']","KID ESSENTIALS® Nutritionally Complete is a nutritionally complete supplement for children aged 1 to 10 years.
It is specially formulated to contain the essential macronutrients and micronutrients children need when dietary intake is inadequate.
 
","Maltodextrin (Corn), Sucrose, Milk Proteins (Whey Protein, Potassium Caseinate), Vegetable Oils (Sunflower, Rapeseed), Medium Chain Triglycerides, Minerals(Calcium Carbonate, Sodium Phosphate, Calcium Chloride, Potassium Citrate, Potassium Phosphate, Magnesium Chloride, Sodium Citrate, Ferrous Sulphate, Zinc Sulphate, Manganese Sulphate, Copper Sulphate, Potassium Iodide, Sodium Selenate, Chromium Chloride, Sodium Molybdate), Stabiliser (414), Fibers (Fructo-Oligosaccharide, Inulin), Emulsifier (Soy Lecithin), Food Acid (330), Choline Bitartrate, Flavour, Fish Oil, Taurine, L-Carnitine, Vitamins (C, E, Niacin, Calcium Pantothenate, B6, B1, B2, A, Folic Acid, K1, Biotin, D3, B12), Probiotics Cultures (Bifidobacterium Longum, Lactobacillus Paracasei). Contains Milk, Soy and Fish. ",,Servings Per Pack:  14 Serving Size:  55g (Ave Qty per 250mL serve (55g powder + 210mL water)),,,,,,"[['Servings Per Pack:\xa0 14 Serving Size: \xa055g\xa0(Ave Qty per 250mL serve (55g powder + 210mL water))', 'Energy', '', 'Protein', 'Fat-total', '- Saturated', '- Trans', '- Polyunsaturated', '- ALA', '- DHA', '- LA', '- Monounsaturated', '- MCT- Medium Chain Triglyceride', 'Carbohydrate', '- Sugars', '- lactose', 'Dietary Fibre', '- Inulin', '- Soluble', '- Fructo-Oligosaccharide', 'Sodium', 'Vitamin A', 'Vitamin B1(Thiamin)', 'Vitamin B2(Riboflavin)', 'Niacin', 'Folate', 'Vitamin B6', 'Vitamin B12', 'Biotin', 'Pantothenic Acid', 'Vitamin C', 'Vitamin D', 'Vitamin E', 'Vitamin K', 'Zinc', 'Calcium', 'Iron', 'Iodine', 'Magnesium', 'Manganese', 'Molybdenum', 'Phosphorus', 'Selenium', 'Copper', 'Chloride', 'Potassium', 'Chromium', 'Choline', 'Probiotics - L.Paracasei', 'Probiotics - B.Longum', ''], ['Average Quantityper Serving', '1067 kJ', '255Cal', '7.6 g', '10.1 g', '2.6g', '0.1g', '1.5g', '200mg', '11.0mg', '1200mg', '5.2g', '1.88g', '33.4 g', '13.2g', '<0.22g', '', '0.2g', '1.4g', '0.7g', '124 mg', '187gRE', '0.30mg', '0.30mg', '3.6mgNE', '49.5g', '0.4mg', '0.6g', '5.2g', '1.4mg', '18.1mg', '2.3g', '2.3mg?-TE', '13.8g', '1.8mg', '209mg', '2.6mg', '28g', '26.4mg', '0.2mg', '14g', '149mg', '11g', '200g', '198mg', '308mg', '7.7g', '66.0mg', '55 millioncfu', '55 millioncfu', '*1 litre = 220g powder + 840mL water.'], ['Average Quantityper 100 g', '1940kJ', '463Cal', '13.9g', '18.3g', '4.7g', '0.1g', '2.7g', '400mg', '20mg', '2200mg', '9.5g', '3.42g', '60.7g', '24g', '<0.40g', '', '0.3g', '2.5g', '1.2g', '225mg', '340gRE', '0.47mg', '0.48mg', '6.5mgNE', '90.0g', '0.7mg', '1.0g', '9.5g', '2.5mg', '33.0mg', '4.2g', '4.2mg?-TE', '25.0g', '3.3mg', '380mg', '4.8mg', '50g', '48.0mg', '0.4mg', '25g', '270mg', '20g', '400g', '360mg', '560mg', '14.0g', '120mg', '100millioncfu', '100millioncfu', '*1 litre = 220g powder + 840mL water.'], ['Average Quantityper Serving Ave Qty per 100mL* preparation', '427kJ', '102Cal', '3.0g', '4.0g', '1.0g', '0.04g', '0.6g', '100mg', '4mg', '500mg', '2.1g', '0.75g', '13.4g', '5.3g', '<0.10', '', '0.1g', '0.6g', '0.3g', '50mg', '75gRE', '0.12mg', '0.12mg', '1.4mgNE', '19.8g', '0.2mg', '0.2g', '2.1g', '0.6mg', '7.3mg', '0.9g', '0.9mg?-TE', '5.5g', '0.7mg', '84mg', '1.0mg', '11g', '10.4mg', '0.1mg', '6g', '60mg', '4g', '100g', '79mg', '123mg', '3.1g', '26mg', '22 million', '22 million']]",,,,,,,,,,,,,,,"['Each', 'Case']",,['Vanilla'],"Instructions1. Wash hands. 2. Measure 210ml clean water (room temperature to maintain probiotic activity) and pour into a clean container.3. Measure 55g or 7 scoops of powder using the scoop (1 x scoop of Kid Essentials® = approx. 8g) provided in the tin. 4. Add the powder to the water and immediately stir until thoroughly mixed.5. Use only enclosed scoop
Dosage may vary depending on your child's nutrition requirements. For advice on the correct dosage for your child always contact your health professional.
All prepared products should be tightly covered and consumed within 6 hours at room temperature or within 24 hours if refrigerated.
Store in a cool dry place and use within 4 weeks after opening
Note: Do not change proportions.  Follow feeding instructions.
 ",,,,"[[], ['Energy Density', '1.0* kcal/ml', '4.2 kJ/ml'], ['Energy Distribution'], ['Protein', '12%', '50% Whey Protein and 50% Potassium Caseinate'], ['Carbohydrate', '53%', 'Sucrose and Maltodextrin'], ['Fat', '35%', 'High Oleic Sunflower Oil, Rapeseed Oil, Sunflower Oil Medium Chain Triglycerides, Fish Oil and Soy Lecithin (MCT 18.5% of Fat)'], ['Nonprotein Calorie: Nitrogen Ratio', '.........................................', '183:1'], ['Calorie: Nitrogen Ratio', '.........................................', '208:1'], ['Osmolality', '.........................................', '380m0sm/kg Water'], ['']]"
0,https://www.ncare.net.au/nutrition-products/sustagen/sustagenr-plus-fibre-1,SUSTAGEN® Hospital Formula ACTIVE PLUS FIBRE 840g                ,,,,"['12338428CASE:Vanilla|Case', '12338453CASE:Chocolate|Case', '12338453EACH:Chocolate|Each', '12338428EACH:Vanilla|Each']","For more information visit www.sustagen.com.au
","Vanilla Flavour: Non Fat Milk Solids (62%), Corn Syrup Solids, Guar Gum (Partially Hydrolysed),  Whole Milk Powder, Sugar, Minerals (Magnesium Hydrogen Phosphate, Ferric Pyrophosphate, Zinc Gluconate, Copper Gulconate, Manganese Sulphate, Sodium Molybdate, Chromium Trichloride, Sodium Selenite), Vitamins (C, E, Niacinamide, A, D3, B6, B1, B2, Folic Acid, K1, B12), Stabiliser (414), Flavour.  Contains Milk. May contain Soy. Gluten Free. ",,Servings Per Pack:  14 Serving Size:  60g (Ave Qty per serve + 200ml water) ,,,,,,"[['Servings Per Pack:\xa0 14 Serving Size: \xa060g\xa0(Ave Qty per serve + 200ml water) ', 'Energy', '', 'Protein', 'Fat-total', '- Saturated', 'Carbohydrate', '- Sugars', 'Dietary Fibre', 'Sodium', 'Gluten', '', '210g', '0.55mg', '0.85mg', '5.0mg', '100g', '0.8mg', '1.0g', '5.0g', '0.8mg', '20mg', '3.6g', '5.0mg-TE', '27.0g', '3.6mg', '400mg', '3.6mg', '60.0g', '96.0mg', '0.7mg', '34g', '420mg', '9.0g', '300g', '370mg', '660mg', '27.0g', '*Percentage Daily Intakes are based on an average adult diet of 8700kJ.  Your daily  intakes may be higher or lower depending on your energy needs.\n**Recommended Dietary Intake(Aust/NZ)\n+ESADDI - Estimated Safe and Adequate Daily Dietary Intake'], ['Average Quantity \r\nper Serving \r\n\t\t\t\t\t\t\t', '940kJ', '225Cal', '13.8 g', '1.5 g', '0.96g', '37.0 g', '27.0g', '4.1 g', '160mg', 'Nil detected mg', '', '350g', '0.91mg', '1.41mg', '8.3mg', '170g', '1.3mg', '1.6g', '8.3g', '1.3mg', '33mg', '6.0g', '8.3mg-TE', '45g', '6.0mg', '670mg', '6.0mg', '100g', '160mg', '1.1mg', '56g', '700mg', '15g', '600g', '620mg', '1100mg', '45g', '*Percentage Daily Intakes are based on an average adult diet of 8700kJ.  Your daily  intakes may be higher or lower depending on your energy needs.'], ['Average Quantity \r\nper 100g \r\n\t\t\t\t\t\t\t', '1570kJ', '375Cal', '23g', '2.5g', '1.6g', '61.6g', '45g', '6.9g', '270mg', 'Nil detectedmg', '', '88g', '0.23mg', '0.35mg', '2.1mg', '42g', '0.33mg', '0.4g', '2.1g', '0.33mg', '8mg', '1.5g', '2.1mg-TE', '11g', '1.5mg', '170mg', '1.5mg', '25g', '40mg', '0.3mg', '14g', '180mg', '3.8g', '140g', '160mg', '275mg', '11g', '**Recommended Dietary Intake(Aust/NZ)'], ['Avg qty per \r\n100ml (Made up \r\nwith Water) \r\n\t\t\t\t\t\t\t\t', '390kJ', '94Cal', '5.8g', '0.6g', '0.40g', '15.5g', '11g', '1.7g', '68mg', 'Nil detectedmg', '%RDI**', '28%', '50%', '50%', '50%', '50%', '49%', '48%', '17% EASDDI+', '16% EASDDI+', '50%', '36%', '50%', '34% ESADDI+', '30%', '50%', '30%', '40%', '30%', '13% EASDDI+', '13% EASDDI+', '42%', '13%', '11% EASDDI+', '', '', '14% EASDDI+', '+ESADDI - Estimated Safe and Adequate Daily Dietary Intake'], ['% Daily \r\nIntake* Per \r\nServe + 200\r\nwith 200mL \r\nWater \r\n\t\t\t\t\t\t\t\t', '11%', '', '28%', '2%', '4%', '12%', '30%', '14%', '7%', '', '', '', '', '', '', '', '', '', '', '', '', '', '', '', '', '', '', '', '', '', '', '', '', '', '', '', ''], ['Average Quantityper Serving100g', '', '', '', '', '', '', '', '', '', '', 'Vitamin A', 'Vitamin B1(Thiamin)', 'Riboflavin (B2)', 'Niacin (B3)', 'Folate', 'Vitamin B6', 'Vitamin B12', 'Biotin', 'Pantothenic Acid', 'Vitamin C', 'Vitamin D', 'Vitamin E', 'Vitamin K', 'Zinc', 'Calcium', 'Iron', 'Iodine', 'Magnesium', 'Manganese', 'Molybdenum', 'Phosphorus', 'Selenium', 'Copper', 'Chloride', 'Potassium', 'Chromium', '']]",,,,,,,,,,,,,,,"['Each', 'Case']",,"['Chocolate', 'Vanilla']","Mix 3 level scoops* with 200ml water or milk (depending on taste).
Use enclosed scoop * 1 x scoop of SUSTAGEN® = 20g. 
Stir before serving.  Great chilled or served warm.

All prepared product should be tightly covered and consumed within 6 hours at room temperature or within 24 hours if refrigerated.

Recommended consumption 2 serves per day. ",,,,"[[], ['Energy Density', '1.0 kcal/ml', '4.2 kJ/ml'], ['Energy Distribution'], ['Protein', '25%', 'Non-Fat Milk Solids and\r\nWhole Milk Powder'], ['Carbohydrate', '69%', 'Corn Syrup Solids, Sugar and\r\nWhole Milk Powder'], ['Fat', '6%', 'Whole Milk Powder'], ['Glycaemic Index', '.........................................', '45'], ['Nonprotein Calorie: Nitrogen Ratio', '.........................................', '81:1'], ['Calorie: Nitrogen Ratio', '.........................................', '106:1'], ['Osmolality', '.........................................', '802m0sm/kg Water'], ['']]"
0,https://www.ncare.net.au/nutrition-products/sustagen/sustagenaoptimuma-1,SUSTAGEN® OPTIMUM 800g                ,,,,"['12353317CASE:Vanilla|Case', '12353317EACH:Vanilla|Each']","Nestlé Health ScienceSUSTAGEN® OPTIMUM™ is a balanced oral supplement that contains pre and probiotics, antioxidant vitamins C &amp;amp; E, and high quality protein providing 1.06 kcal/mL per suggested serving. It is also low in lactose.
SUSTAGEN® OPTIMUM™ tastes great and provides complete nutrition so you can use it as a supplement when you are unable to meet your nutrient requirements through dietary intake alone. This could be due to poor appetite or illness , particularly if you have been taking antibiotics. It contains probiotics and dietary fibres (prebiotics) to support digestive function and high quality protein to help maintain muscle mass. It also contains 27 essential vitamins and minerals , including dietary antioxidant vitamins C &amp;amp; E and copper, iron, selenium and zinc to support immune function. SUSTAGEN® OPTIMUM™ is also low in lactose and has a low GI. For more information visit www.sustagen.com.au
","Maltodextrin, Milk Proteins (Whey, Potassium Caseinate), Vegetable Oil (High Oleic Sunflower Oil, Sunflower Oil, Rapeseed Oil), Sucrose, Prebiotic Fibres (Fructo-Oligosaccharides, Inulin), Minerals (Potassium Phosphate, Sodium Phosphate, Calcium Chloride, Calcium Carbonate, Magnesium Chloride, Zinc Sulphate, Ferrous Sulphate, Copper Sulphate, Manganese Sulphate, Potassium Iodide, Chromium Chloride, Sodium Selenate, Sodium Molybdate), Flavour (Vanilla), Emulsifier (Soy Lecithin), Food Acid (330), Vitamins (Dl-Alpha-Tocopheryl Acetate, Sodium Ascorbate, Nicotinamide, Calcium Pantothenate, Pyridoxine, Retinyl Acetate, Riboflavin, Thiamine Mononitrate, Phylloquinone, Folic Acid, D-Biotin, Cholecalciferol, Cyanocobalamin), Sweetener (Acesulfame Potassium), Probiotic Culture (Lactobacillus Paracasei). Contains Milk and Soy.

 ",,Servings Per Pack:  14 Serving Size:  55g (Ave Qty Per serve + 190ml water) ,,,,,,"[['Servings Per Pack:\xa0 14 Serving Size: \xa055g\xa0(Ave Qty Per serve + 190ml water) ', 'Energy', '', 'Protein', 'Fat-total', '- Saturated', '- Polyunsaturated', '- Monounsaturated', 'Carbohydrate', '- Sugars', '- lactose', '- galactose', 'Dietary Fibre', '- Inulin', '- Prebiotic Fibre', '- Fructo-Oligosaccharide', 'Sodium', 'Gluten', 'Vitamin A', 'Vitamin B1(Thiamin)', 'Vitamin B2(Riboflavin)', 'Niacin', 'Folate', 'Vitamin B6', 'Vitamin B12', 'Biotin', 'Pantothenic Acid', 'Vitamin C', 'Vitamin D', 'Vitamin E', 'Vitamin K', 'Zinc', 'Calcium', 'Iron', 'Iodine', 'Magnesium', 'Manganese', 'Molybdenum', 'Phosphorus', 'Selenium', 'Copper', 'Chloride', 'Potassium', 'Chromium', 'Probiotics', ''], ['Average Quantityper Serving', '1050kJ', '250Cal', '10.1g', '9.6g', '0.94g', '1.9g', '6.2g', '29.3g', '7.7g', '0.11g', '0.06g', '', '0.9g', '3.1g', '2.2g', '121mg', '', '215gRE', '0.23mg', '0.3mg', '3.03mgNE', '110g', '1.0mg', '1.7g', '7.7g', '1.3mg', '30mg', '1.8g', '41mg?-TE', '15g', '2.9mg', '150mg', '2.1mg', '33.0g', '24mg', '0.26mg', '15.4g', '115mg', '11.0g', '550g', '182mg', '308mg', '7.7g', '550millioncfu', '*cfu = Colony-forming units'], ['Average Quantityper 100g ', '1900kJ', '455Cal', '18.3g', '17.5g', '1.7g', '3.4g', '11.2g', '53.2g', '14g', '0.2g', '0.1g', '', '1.7g', '5.6g', '3.9g', '220mg', '', '390gRE', '0.42mg', '0.55mg', '5.5mgNE', '200g', '1.9mg', '3.1g', '14g', '2.4mg', '55mg', '3.2g', '75mg?-TE', '27g', '5.2mg', '270mg', '3.8mg', '60g', '43mg', '0.48mg', '28g', '210mg', '20g', '1000g', '330mg', '560mg', '14g', '1 billioncfu', '*cfu = Colony-forming units']]",,,,,,,,,,,,,,,"['Each', 'Case']",,['Vanilla'],"Mix 7 level scoops** with 190ml water .
** 1 x scoop of SUSTAGEN® OPTIMUM™ = approx. 8g.  Scoop included.
Stir before serving.  Great served chilled or warm.
All prepared product should be tightly covered and consumed within 6 hours at room temperature or within 24 hours if refrigerated.

Recommended consumption 1-2 serves per day. 
 ",,,,"[[], ['Energy Density', '1.0 kcal/ml', '4.2 kJ/ml'], ['Energy Distribution'], ['Protein', '16%', '50% Whey, 50% Potassium Caseinate'], ['Carbohydrate', '49%', 'Maltodextrin, Sucrose'], ['Fat', '35%', 'High Oleic Sunflower Oil, Rapeseed Oil,\r\nSoy Lecithin, Sunflower Oil, Milk Fat'], ['Glycaemic Index', '.........................................', '44'], ['Nonprotein Calorie: Nitrogen Ratio', '.........................................', '128:1'], ['Calorie: Nitrogen Ratio', '.........................................', '153:1'], ['Osmolality', '.........................................', '340m0sm/kg Water'], ['Renal Solute Load', '.........................................', '319m0sm/1000mL'], ['']]"
0,https://www.ncare.net.au/nutrition-products/sustagen/sustagenadiabeticreadytodrink-1,SUSTAGEN® Diabetic Ready to Drink 237ml                ,,,,"['12358324CASE:Vanilla|Case', '12358324EACH:Vanilla|Each']","Nestlé Health Science SUSTAGEN® Diabetic is a lower carbohydrate** oral supplement specifically formulated for people with diabetes. It is high in fibre and has a low GI ,  and provides 1.0kcal/mL. If you have diabetes and haven't been eating well ,   you may benefit from SUSTAGEN® Diabetic. It provides energy ,  high quality protein ,  fibre and 27 vitamins and minerals. It is high in fibre ,  lower in carbohydrate** and has a low Glycemic Index to help avoid large fluctuations in blood glucose levels. **Compared to SUSTAGEN Hospital Formula on a per serve basis. SUSTAGEN® Diabetic is specifically formulated for people with diabetes who cannot meet their nutritional needs through diet modification alone. Suitable as a sole source of nutrition. Use under medical supervision. For more information visit www.sustagen.com.au.    
 If you have diabetes and haven't been eating well ,   you may benefit from SUSTAGEN® Diabetic. It provides energy ,  high quality protein ,  fibre and 27 vitamins and minerals. It is high in fibre ,  lower in carbohydrate** and has a low Glycemic Index to help avoid large fluctuations in blood glucose levels. **Compared to SUSTAGEN Hospital Formula on a per serve basis. SUSTAGEN® Diabetic is specifically formulated for people with diabetes who cannot meet their nutritional needs through diet modification alone. Suitable as a sole source of nutrition. Use under medical supervision. For more information visit www.sustagen.com.au.    
If you have diabetes and haven't been eating well ,   you may benefit from SUSTAGEN® Diabetic. It provides energy ,  high quality protein ,  fibre and 27 vitamins and minerals. It is high in fibre ,  lower in carbohydrate** and has a low Glycemic Index to help avoid large fluctuations in blood glucose levels. **Compared to SUSTAGEN Hospital Formula on a per serve basis. SUSTAGEN® Diabetic is specifically formulated for people with diabetes who cannot meet their nutritional needs through diet modification alone. Suitable as a sole source of nutrition. Use under medical supervision. For more information visit www.sustagen.com.au.    
 SUSTAGEN® Diabetic is specifically formulated for people with diabetes who cannot meet their nutritional needs through diet modification alone. Suitable as a sole source of nutrition. Use under medical supervision. For more information visit www.sustagen.com.au.    
SUSTAGEN® Diabetic is specifically formulated for people with diabetes who cannot meet their nutritional needs through diet modification alone. Suitable as a sole source of nutrition. Use under medical supervision. For more information visit www.sustagen.com.au.    
 For more information visit www.sustagen.com.au.    
For more information visit www.sustagen.com.au
    
   
   
  
  
 
 
","Water, Tapioca Dextrin, Vegetable Oil (High Oleic Sunflower, Low Erucic Acid Rapeseed), Milk Protein Concentrate, Whey Protein (Milk), Isomaltulose, Guar Gum, Stabilizers (414, 460, 466, 407), Minerals (Sodium Citrate, Potassium Chloride, Sodium Phosphate, Magnesium Oxide, Ferrous Sulphate, Zinc Sulphate, Copper Gluconate, Manganese Sulphate, Chromium Chloride, Potassium Iodide, Sodium Molybdate, Sodium Selenite), Maltodextrin, Fructo-Oligosaccharides, Inulin, Emulsifier (Soy Lecithin), Acidity Regulator (330), Inositol, Choline Bi-tartrate, Vitamins (C, Calcium, Pantothenate, Nicotinamide, B6, B1, A, B2, E, Folic Acid, K1, Biotin, D3, B12), Artificial and Natural Flavourings, L-Carnitine, Sweetener (Potassium Acesulfame), Taurine. Contains Milk and Soy.
 ",,Servings Per Pack:  1 Serving Size:  237ml (Tetra) ,,,,,,"[['Servings Per Pack:\xa0 1 Serving Size: \xa0237ml\xa0(Tetra) ', 'Energy', '', 'Protein', 'Fat-total', 'Carbohydrate', '- Sugars', '- Maltodextrin', '- Starch', 'Dietary Fibre', 'Sodium', 'Vitamin A', 'Vitamin B1(Thiamin)', 'Vitamin B2(Riboflavin)', 'Niacin', 'Folate', 'Vitamin B6', 'Vitamin B12', 'Biotin', 'Pantothenic Acid', 'Vitamin C', 'Vitamin D', 'Vitamin E', 'Vitamin K', 'Zinc', 'Calcium', 'Iron', 'Iodine', 'Magnesium', 'Manganese', 'Molybdenum', 'Phosphorus', 'Selenium', 'Copper', 'Chloride', 'Potassium', 'Chromium', 'Choline', 'Inositol', 'Taurine', 'Carnitine', ''], ['Average Quantityper Serving ', '1003* kJ', '240*Cal', '10.7* g', '10.4* g', '23.2* g', '2.49g', '0.76g', '19.96g', '4.5* g', '230 mg', '239gRE', '0.31mg', '0.31mg', '4.4mgNE', '66g', '0.59mg', '1.14g', '8.3g', '1.56mg', '29.2mg', '3.3g', '2.6mg?-TE', '19.2g', '1.9mg', '187mg', '2.8mg', '28g', '43mg', '0.44mg', '17.3g', '130mg', '10.4g', '330g', '190mg', '228mg', '23.0g', '88mg', '119mg', '15.93mg', '19.91mg', '*Average Values'], ['%DI*per  Serving', '', '', '', '', '', '', '', '', '', '', '', '', '', '', '', '', '', '', '', '', '', '', '', '', '', '', '', '', '', '', '', '', '', '', '', '', '', '', '', '', '*Average Values'], ['Average Quantityper 100ml ', '422kJ', '101Cal', '4.5g', '4.4g', '9.8g', '1.05g', '0.32g', '8.42g', '1.9g', '97mg', '101gRE', '0.13mg', '0.13mg', '1.8mgNE', '28g', '0.25mg', '0.48g', '3.5g', '0.66mg', '12.3mg', '1.4g', '1.1mg?-TE', '8.1g', '0.8mg', '79mg', '1.2mg', '12g', '18mg', '0.19mg', '7.3g', '55mg', '4.4g', '140g', '80mg', '96mg', '9.7g', '37mg', '50mg', '6.72mg', '8.4mg']]",,,,,,,,,,,,,,,"['Each', 'Case']",,['Vanilla'],"Shake Well.
Oral feeding; Chill before serving. Once opened cover and refrigerate, discard if not used within 24 hours

RECOMMENDED DAILY INTAKE: Up to five packs a day or as recommended by a healthcare professional.  Suitable for use as a sole source of nutrition.
 ",,,,"[[], ['Energy Density', '1.0 kcal/ml', '4.2 kJ/ml'], ['Energy Distribution'], ['Protein', '18%', '50% Whey, 50% Casein'], ['Carbohydrate', '39%', 'Tapioca dextrin, isomaltulose and maltodextrin'], ['Fat', '39%', 'High oleic sunflower oil, low erucic acid rapeseed oil and soy lecithin'], ['Glycaemic Index', '.........................................', '30'], ['Nonprotein Calorie: Nitrogen Ratio', '.........................................', '113:1'], ['Calorie: Nitrogen Ratio', '.........................................', '144:1'], ['Osmolality', '.........................................', '293m0sm/kg Water'], ['Renal Solute Load', '.........................................', '218m0sm/1000mL'], ['Water Content', '.........................................', '200 mL/237 mL'], ['Osmolarity', '.........................................', '246 m0sm/L'], ['']]"
0,https://www.ncare.net.au/nutrition-products/sustagen/sustagenr-hospital-formula-6x840g-1,SUSTAGEN® Hospital Formula ACTIVE 840g                ,,,,"['12339185CASE:Coffee|Case', '12338426CASE:Vanilla|Case', '12339186CASE:Neutral|Case', '12338427CASE:Chocolate|Case', '12339185EACH:Coffee|Each', '12338426EACH:Vanilla|Each', '12339186EACH:Neutral|Each', '12338427EACH:Chocolate|Each']","For more information visit www.sustagen.com.au
","Vanilla Flavour:  Non Fat Milk Solids (63%), Corn Syrups Solids, Whole Milk Powder, Sugar, Minerals (Magnesium Hydrogen Phosphate, Ferric Pyrophosphate, Zinc Gluconate, Copper Gluconate, Manganese Sulphate, Sodium Molybdate, Chromium Trichloride, Sodium Selenate), Vitamins (C, E, Niacinamide, A, D3, B6, B1, B2, Folic Acid, K1, B12), Stabiliser (414), Flavour. Contains Milk. May contain Soy. Gluten Free. ",,Servings Per Pack:  14 Serving Size:  60g ,,,,,,"[['Servings Per Pack:\xa0 14 Serving Size: \xa060g\xa0', 'Energy', '', '', '', '', '', '13%', '30%', '68mg', 'Nil detectedmg', '88 g', '0.23mg', '1.41mg', '5.0mg', 'Folate', '', '', '48%RDI*', '2.1g', '1.3mg', '20.0mg', 'Vitamin D', '', '', '34% ESADDI+', '1.5mg', '670mg', '3.6mg', 'Iodine', '', '', '13%ESADDI+', '14g', '700mg', '9.0g', 'Copper', '', '', '', '11g', '**Percentage Daily Intakes are based on an average adult diet of 8700kJ.  Your daily intakes may be higher or lower depending on your energy needs.'], ['Average Quantity per Serving (60g with 200ml Water)', '940kJ', '225Cal', 'Protein', 'Fat-total', '- Saturated', '', '', '', '7%', '', '28% RDI*', '50%RDI*', '0.35mg', '8.3mg', '100g', 'Vitamin B6', '', '', '17% EASDDI+', '0.33mg', '33mg', '3.6g', 'Vitamin E', '', '', '30%RDI*', '170mg', '6.0mg', '60.0g', 'Magnesium', '', '', '13% EASDDI+', '180mg', '15g', '0.3 mg', 'Chloride', '', '', '14% ESADDI+', '*Recommended Dietary Intake(Aust/NZ)'], ['Average Quantity per 100g', '1570kJ', '375Cal', '13.8 g', '1.5 g', '0.96g', 'Carbohydrate', '- Sugars', '', '', '', '', '', '50%RDI*', '2.1mg', '170g', '0.8mg', 'Vitamin B12', '', '', '16% EASDDI+', '8mg', '6.0g', '5.0mg-TE', 'Vitamin K', '', '', '50%RDI*', '1.5mg', '100g', '96.0mg', 'Manganese', '', '', '42%RDI*', '3.8g', '0.6 mg', '370mg', 'Potassium', '', '', '+ESADDI - Estimated Safe and Adequate Daily Dietary Intake'], ['Average Quantity\xa0per 100ml (Made up with Water)', '390kJ', '94Cal', '23g', '2.5g', '1.6g', '39.0 g', '27.0g', 'Sodium', 'Gluten', 'Vitamin A', 'Thiamin (B1)', '', '', '50%RDI*', '42g', '1.3mg', '1.0g', 'Biotin', '', '', '50%RDI*', '1.5g', '8.3mg-TE', '27.0g', 'Zinc', '', '', '30%RDI*', '25g', '160mg', '0.7mg', 'Molybdenum', '', '', '13%RDI*', '0.14 mg', '620mg', '660mg', 'Chromium', ''], ['% Daily Intake**\xa0per 60g with 200ml Water', '11%', '', '5.8g', '0.6g', '0.40g', '65g', '45g', '160 mg', 'Nil detected mg', '210 g', '0.55mg', 'Riboflavin (B2)', '', '', '50%RDI*', '0.33mg', '1.6g', '5.0g', 'Pantothenic Acid', '', '', '36%RDI*', '2.1mg-TE', '45g', '3.6mg', 'Calcium', '', '', '40%RDI*', '40mg', '1.1mg', '34g', 'Phosphorus', '', '', '11% EASDDI+', '160mg', '1100mg', '27.0g', ''], ['Average Quantityper Serving100g', '', '', '28%', '2%', '4%', '16g', '11g', '270mg', 'Nil detectedmg', '350 g', '0.91mg', '0.85mg', 'Niacin (B3)', '', '', '49%RDI*', '0.4g', '8.3g', '0.8mg', 'Vitamin C', '', '', '50%RDI*', '11g', '6.0mg', '400mg', 'Iron', '', '', '30%RDI*', '0.3mg', '56g', '420mg', 'Selenium', '', '', '', '275mg', '45g', '**Percentage Daily Intakes are based on an average adult diet of 8700kJ.  Your daily intakes may be higher or lower depending on your energy needs.\n\n\n*Recommended Dietary Intake(Aust/NZ)\n\n\n+ESADDI - Estimated Safe and Adequate Daily Dietary Intake']]",,,,,,,,,,,,,,,"['Each', 'Case']",,"['Coffee', 'Chocolate', 'Neutral', 'Vanilla']","Mix 3 level scoops* with 200ml water or milk (depending on taste). Use enclosed scoop.  * 1 x scoop of SUSTAGEN® = 20g.  Stir before serving.  Great chilled or served warm.
All prepared products should be tightly covered and consumed within 6 hours at room temperature or within 24 hours if refrigerated.
Note: Do not change proportions.  Follow feeding instructions.
Keep the can tightly closed.  Store in a cool dry place. 
For RECIPIES visit  www.sustagen.com.au
Recommended consumption 2 serves per day.  ",,,,"[[], ['Energy Density', '1.0 kcal/ml', '4.2 kJ/ml'], ['Energy Distribution'], ['Protein', '25%', 'Non-Fat Milk Solids and Whole Milk Powder'], ['Carbohydrate', '69%', 'Corn Syrup Solids, Sugar and Whole Milk Powder'], ['Fat', '6%', 'Whole Milk Powder'], ['Glycaemic Index', '.........................................', 'Vanilla - 54'], ['Nonprotein Calorie: Nitrogen Ratio', '.........................................', '78:1'], ['Calorie: Nitrogen Ratio', '.........................................', '103:1'], ['Osmolality', '.........................................', 'Vanilla - 795 m0sm/kg Water'], ['']]"
0,https://www.ncare.net.au/nutrition-products/tube-feeds/fibresourcea12hn-1,FIBERSOURCE® HN 237ml                ,,,,"['12358952CASE:Neutral|Case', '12358952EACH:Neutral|Each']","FIBRESOURCE® 1.2 HN is a high protein ,  unflavoured tube feed. It provides 1.2kcal/mL and contains fibre. FIBRESOURCE® 1.2 HN is specifically formulated for the dietary management of malnutrition and other medical conditions with increased nutritional needs that cannot be met through diet modification alone. One pack provides 12.8g* of protein ,  3.6g* fibre and 290kcal*.  *Average values  
 FIBRESOURCE® 1.2 HN is specifically formulated for the dietary management of malnutrition and other medical conditions with increased nutritional needs that cannot be met through diet modification alone. One pack provides 12.8g* of protein ,  3.6g* fibre and 290kcal*.  *Average values  
FIBRESOURCE® 1.2 HN is specifically formulated for the dietary management of malnutrition and other medical conditions with increased nutritional needs that cannot be met through diet modification alone. One pack provides 12.8g* of protein ,  3.6g* fibre and 290kcal*.  *Average values  
 *Average values  
*Average values  
 
","Unflavoured:  Water, Maltodextrin, Milk Proteins (Sodium Caseinate, Calcium Caseinate), Vegetable Oils (Low Erucic Acid Rapeseed, Medium Chain Triglycerides, High Oleic Sunflower, Sunflower), Pea Fibre, Minerals (Sodium Citrate, Potassium Chloride, Calcium Phosphate, Potassium Citrate, Potassium Phosphate, Magnesium Oxide, Ferrous Sulphate, Zinc Sulphate, Maganese Sulphate, Copper Sulphate, Chromium Chloride, Sodium Molybdate, Potassium Iodide, Sodium Selenate), Stabilizers (414, E460, E466, E407), Fructo-Oligosaccharide, Inulin, Emulsifier (Soy Lecithin), Acidity Regulators (330, 525), Choline Bi-tartrate, Vitamins (C, E, Calcium Pantothenate, Nicotinamide, B6, A, B1, B2, Folic Acid, K1, Biotin, D3, B12). Contains Milk and Soy.
 ",,Servings Per Pack:  1 Serving Size:  237ml  ,,,,,,"[['Servings Per Pack:\xa0 1 Serving Size: \xa0237ml\xa0 ', 'Energy', '', 'Protein', 'Fat-total', '- Saturated', '- Polyunsaturated', '- Monounsaturated', 'Carbohydrate', '- Sugars', 'Dietary Fibre', 'Sodium', 'Vitamin A', 'Vitamin B1(Thiamin)', 'Vitamin B2(Riboflavin)', 'Niacin', 'Folate', 'Vitamin B6', 'Vitamin B12', 'Biotin', 'Pantothenic Acid', 'Vitamin C', 'Vitamin D', 'Vitamin E', 'Vitamin K', 'Zinc', 'Calcium', 'Iron', 'Iodine', 'Magnesium', 'Manganese', 'Molybdenum', 'Phosphorus', 'Selenium', 'Copper', 'Chloride', 'Potassium', 'Chromium', 'Choline', ''], ['Average Quantityper Serving', '1212kJ', '290Cal', '12.8g', '9.7g', '2.6g', '2.1g', '5.2g', '37g', '2.4g', '3.6g', '245mg', '223gRE', '0.33mg', '0.36mg', '3.3mgNE', '64g', '0.52mg', '1.16g', '9.2g', '1.52mg', '18.0mg', '3.1g', '4.3mg?-TE', '14g', '2.4mg', '206mg', '3.6mg', '28g', '38mg', '0.49mg', '21g', '168mg', '14.2g', '430g', '206mg', '334mg', '12.8g', '78mg', 'Contains 0.71g lactose per 237mL serve'], ['%DI*Per Serving', '', '', '', '', '', '', '', '', '', '', '', '', '', '', '', '', '', '', '', '', '', '', '', '', '', '', '', '', '', '', '', '', '', '', '', '', '', '', 'Contains 0.71g lactose per 237mL serve'], ['Average Quantityper 1000ml ', '5110kJ', '1220Cal', '54g', '41g', '11g', '9g', '22g', '156g', '10.1g', '15g', '1040mg', '940gRE', '1.4mg', '1.5mg', '14mgNE', '270g', '2.2mg', '4.9g', '39g', '6.4mg', '76mg', '13g', '18mg?-TE', '59g', '10mg', '870mg', '15mg', '120g', '160mg', '2.06mg', '90g', '709mg', '60g', '1800g', '870mg', '1410mg', '54g', '329mg']]",,,,,,,,,,,,,,,"['Each', 'Case']",,['Neutral'],"Shake well
SERVING INSTRUCTIONS: 
TUBE FEEDING: Pour directly into tube feeding container.  Adjust formula flow rate and volume to patientﾒs condition and tolerance.  Provide additional water to meet fluid requirements.  Avoid contamination during preparation and use.

RECOMMENDED DAILY INTAKE: Up to five packs a day as a sole source of nutrition, or as recommended by a healthcare professional.
 ",,,,"[[], ['Energy Density', '1.2 kcal/ml', '5.0 kJ/ml'], ['Energy Distribution'], ['Protein', '18%', 'Calcium and Sodium Caseinates'], ['Carbohydrate', '52%', 'Maltodextrin'], ['Fat', '30%', 'Rapeseed Oil, High Oleic Sunflower Oil,\r\nSunflower Oil, Soy Lecithin and Medium\r\nChain Triglycerides (MCT 20% of Fat)'], ['Dietary Fibre', '(Soluble and Insoluble)', '10.0g per 1000mL'], ['Glycaemic Index', '.........................................', '57'], ['Nonprotein Calorie: Nitrogen Ratio', '.........................................', '118:1'], ['Calorie: Nitrogen Ratio', '.........................................', '144:1'], ['P:S Ratio', '.........................................', '1:1'], ['Osmolality', '.........................................', '366m0sm/kg Water'], ['Water Content', '.........................................', '183 mL/237 mL'], ['Osmolarity', '.........................................', '284m0sm/L'], ['']]"
0,https://www.ncare.net.au/nutrition-products/tube-feeds/novasourceagiforte-1,NOVASOURCE® GI Forte 1000ml                ,,,,"['12370717CASE:Neutral|Case', '12370717EACH:Neutral|Each']","NOVASOURCE® GI Forte is a high-calorie, high protein liquid specifically formulated with partially hydrolysed guar gum (PHGG) for the management of patients with enteral nutrition associated diarrhoea. Suitable for tube feed or oral use and provides 1.5 kcal/ml.
Oral/tube feed for the dietary management of gastrointestinal disease related malnutrition and other medical conditions with increased nutritional needs that cannot be met through diet modification alone.  Food for Special Medical Purposes.
Must use under medical supervision. Suitable for use as a sole source of nutrition. Not suitable for children under 3 years of age.  Do not add food or drugs.
Recommended Dietary Intake*: Meets 100% of RDI for 21 key micronutrients in 1000mll.
*Specific volumes based on adult male 31-50 years old.  Taken from 'Nutrient Reference Values for Australia and New Zealand 2005'.
 
 
","Neutral :  Water, Maltodextrin, Milk proteins (Calcium Caseinate, Sodium Caseinate), Vegetable Oils (Rapeseed, Sunflower), partially hydrolysed Guar Gum (PHGG), Medium Chain Triglycerides, Minerals (Sodium Chloride, Potassium Phosphate, Trisodium Citrate, Potassium Chloride, Potassium Citrate, Magnesium Citrate, Magnesium Oxide, Potassium Dihydrogen Phosphate, Tricalcium Phosphate, Ferrous Lactate, Zinc Sulphate, Copper Gluconate, Manganese Sulphate, Sodium Fluoride, Sodium Selenite, Sodium Molybdate, Chromium Chloride, Potassium Iodide), Emulsifiers (E472c, E471), Choline Bitartrate, Vitamins (C, E, Niacin, Pantothenic Acid, B6, B1, B2, Beta-carotene, A, Folic Acid, D, B12, K, Biotin), Stabiliser (E407), Antioxidant (E304). Contains Milk.
 ",,Servings Per Pack:  1 Serving Size:  1000ml (Per Smartflex bottle),,,,,,"[['Servings Per Pack:\xa0 1 Serving Size: \xa01000ml\xa0(Per Smartflex bottle)', 'Energy', '', 'Protein', 'Fat-total', '- Saturated', '- Polyunsaturated', '- Omega-3', '- Monounsaturated', '- MCT- Medium Chain Triglyceride', 'Carbohydrate', '- Sugars', '- lactose', 'Dietary Fibre', '- Soluble', 'Sodium', 'Vitamin A', 'Vitamin B1(Thiamin)', 'Vitamin B2(Riboflavin)', 'Niacin', 'Folate', 'Vitamin B6', 'Vitamin B12', 'Biotin', 'Pantothenic Acid', 'Vitamin C', 'Vitamin D', 'Vitamin E', 'Vitamin K', 'Zinc', 'Calcium', 'Iron', 'Iodine', 'Magnesium', 'Manganese', 'Molybdenum', 'Phosphorus', 'Selenium', 'Copper', 'Chloride', 'Potassium', 'Chromium', 'Fluoride', 'Choline', ''], ['Average Quantityper Serving', '6490 kJ', '1550Cal', '60.0 g', '59.0 g', '19 g', '11.0g', '1.7 g', '25.0g', '14 g', '183 g', '16.0g', '<0.50g', '22.0 g', '22.0g', '1200 mg', '1600gRE', '2.2mg', '2.6mg', '30.0mgNE', '450g', '2.7mg', '5.8g', '70.0g', '9.2mg', '160mg', '22.0g', '29.0mg?-TE', '110g', '18.0mg', '800mg', '16.0mg', '280 g', '300mg', '3.6mg', '200g', '750mg', '100.0g', '2400g', '1500mg', '1350mg', '150g', '1.6mg', '570mg', 'Note: Every effort is made to ensure all product information is accurate at the time of publication. The most current information can always be obtained by referring to the package label.'], ['Average Quantityper 100ml', '649kJ', '155Cal', '6g', '5.9g', '1.9 g', '1.1g', '0.17 g', '2.5 g', '1.4g', '18.3g', '1.6g', '<0.05g', '2.2g', '2.2g', '120mg', '160gRE', '0.22mg', '0.26mg', '3mgNE', '45g', '0.27mg', '0.58g', '7g', '0.92mg', '16mg', '2.2g', '2.9mg?-TE', '11g', '1.8mg', '80mg', '1.6mg', '28g', '30mg', '0.36mg', '20g', '75mg', '10g', '240g', '150mg', '135mg', '15g', '0.16mg', '57mg', 'Note: Every effort is made to ensure all product information is accurate at the time of publication. The most current information can always be obtained by referring to the package label.']]",,,,,,,,,,,,,,,"['Each', 'Case']",,['Neutral'],"Shake well before use. Unopened, store in a cool dry place. Avoid excessive heat. If spiked, use within 24 hours. If uncapped, unused portion to be recapped, refrigerated and used within 24 hours.
Recommended Daily Dosage: 1000-1500 ml for complete nutrition or as recommended by a healthcare professional.
Check use by date on front of pack.
UHT Sterilised. Packaged in a protective atmosphere.
 ",,,,"[[], ['Energy Density', '1.55 kcal/ml', '6.5 kJ/ml'], ['Energy Distribution'], ['Protein', '16%', 'Milk protein caseinates'], ['Carbohydrate', '47%', 'Maltodextrin'], ['Fat', '34%', 'Vegetable Oils, Medium Chain Triglycerides (MCT 22% of fat)'], ['Dietary Fibre', '22g/1000ml', '100% partially hydrolysed guar gum (PHGG)'], ['Nonprotein Calorie: Nitrogen Ratio', '.........................................', '139:1'], ['Calorie: Nitrogen Ratio', '.........................................', '164:1'], ['n-6:n-3 Ratio', '.........................................', '5:1'], ['Osmolality', '.........................................', '510m0sm/kg Water'], ['Water Content', '.........................................', '760 mL/1000 mL'], ['Osmolarity', '', '389 mOsm/1000ml'], ['']]"
0,https://www.ncare.net.au/nutrition-products/tube-feeds/isosource-reg-2-0-1000ml-1,ISOSOURCE® 2.0 1000mL                ,,,,,"Isosource® 2.0 is an energy dense liquid formula for increased energy requirements and restricted fluid volume. Suitable for tube feed and provides 2.0 kcal/ml.
Specifically formulated for the dietary management of malnutrition and other medical conditions with increased nutritional needs that cannot be met through diet modification alone.
Must be used under medical supervision. Suitable for use as a sole source of nutrition.
Recommended Daily Intake: Meets 100% of RDI for 24 key micronutrients in 800ml.
","Neutral:  Water, Corn Syrup, Milk Proteins(Sodium Caseinate, Calcium Caseinate), Medium Chain Tryglyceride, Vegetable Oil (Low Erucic Acid Rapessed), Soy Protein Isolate, Maltodextrin (Corn), Minerals (Sodium Citrate, Calcium Phosphate, Potassium Chloride, Calcium Citrate, Magnesium Phosphate, Potassium Citrate, Magnesium Oxide, Zinc Sulphate, Ferrous Sulphate, Manganese Sulphate, Copper Sulphate, Chromium Chloride, PotassiumIodide, Sodium Molybdate, Sodium Selenate), Emulsifier (Soy Lecithin), Vitamins (Sodium Ascorbate, Alpha-Tocopheryl Acetate, Niacinamide, Calcium Pantothenate, Pyridoxine Hydrochloride, Thiamine Hydrochloride, Riboflavin, Betacarotene, Vitamin A Palmitate, Folic Acid, Vitamin D3, Vitamin K, Vitamin B12, BIotin), Choline Chloride, Taurine, L-carnitine, Anti-Forming Agent (900a).   Contains Milk and Soy. ",,,,,,,,,,,,,,,,,,,,,,,Size: Carton contains 6 x 1000mL soft packs.                    ,,,"Check use by date on pouch.
Wash hands. Shake pouch well before use. Some separation of contents may occur.
Using clean technique, hold bag at base of SpikeRight® Plus port, remove port cap, and insert tip of threaded enteral spike set.
Turn threaded enteral spike set clockwise until tightly fastened.
Use at room temperature for up to 24 hours after spiking if proper technique is used.
Do not use if container is damaged, swollen or contents are coagulated.  Store unopened at room temperature.  Avoid excessive heat.  Do not freeze. Pouch is filled to deliver 1000ml. Actual fill volume is greater to compensate for residual volume remaining after pouch is drained. ",,,,[]
0,https://www.ncare.net.au/nutrition-products/tube-feeds/isosourceastandard-2-1,ISOSOURCE® Mix 1000mL                ,,,,"['12371413CASE:Neutral|Case', '12371413EACH:Neutral|Each']","ISOSOURCE® Mix is a fibre enriched, unflavoured liquid formula containing real food ingredients. Suitable for tube feed or oral use and provides 1.1 kcal/ml. 
Oral/tube feed for the dietary management of malnutrition and other medical conditions with increased nutritional needs that cannot be met through diet modification alone.  Food for Special Medical Purposes.
Must use under medical supervision. Suitable for use as a sole source of nutrition. Not suitable for children under 3 years of age.  Do not add food or drugs.
Recommended Dietary Intake*: Meets 100% of RDI for 24 key micronutrients in 1500mll.
*Specific volumes based on adult male 31-50 years old.  Taken from 'Nutrient Reference Values for Australia and New Zealand 2005'
 
","Ingredients: Water, maltodextrin, rehydrated chicken meat (6.9%), rehydrated vegetables 5.95 % (peas 5.2%, green beans 0.75%), milk proteins, orange juice from concentrate (1.8%), peach puree (1.5%), vegetable oils (rapeseed, sunflower), fibres (pea fibre, arabic gum, fructo-oligosaccharide, inulin), MCT oil, minerals (sodium citrate, potassium phosphate, potassium citrate, calcium lactate, sodium chloride, calcium phosphate, calcium chloride, potassium chloride, magnesium oxide, magnesium citrate, ferrous lactate, zinc sulphate, copper gluconate, manganese sulphate, sodium fluoride, chromium chloride, sodium molybdate, potassium iodide, sodium selenite), emulsifiers (E472c, E471), fish oil, vitamins (C, E, niacin, pantothenic acid, B6, thiamine, riboflavin, beta-carotene, A, folic acid, K, biotin, D, B12), choline bitartrate, stabiliser (E407), antioxidant (E304). Contains milk and fish.  Contains Milk and Fish.
 ",,Servings Per Pack:  1 Serving Size:  1000ml (Per Smartflex bottle),,,,,,"[['Servings Per Pack:\xa0 1 Serving Size: \xa01000ml\xa0(Per Smartflex bottle)', 'Energy', '', 'Protein', 'Fat-total', '- Saturated', '- Polyunsaturated', '- Omega-3', '- Monounsaturated', '- MCT- Medium Chain Triglyceride', 'Carbohydrate', '- Sugars', '- lactose', 'Dietary Fibre', '- Soluble', '- Insoluble', 'Sodium', 'Vitamin A', 'Vitamin B1(Thiamin)', 'Vitamin B2(Riboflavin)', 'Niacin', 'Folate', 'Vitamin B6', 'Vitamin B12', 'Biotin', 'Pantothenic Acid', 'Vitamin C', 'Vitamin D', 'Vitamin E', 'Vitamin K', 'Zinc', 'Calcium', 'Iron', 'Iodine', 'Magnesium', 'Manganese', 'Molybdenum', 'Phosphorus', 'Selenium', 'Copper', 'Chloride', 'Potassium', 'Chromium', 'Fluoride', 'Choline', ''], ['Average Quantityper Serving', '4610 kJ', '1100Cal', '44.0 g', '37.0 g', '16.0g', '7.0g', '1300mg', '14.0g', '7.0g', '140 g', '14.0g', '<5 g', '14.0 g', '7.0g', '7.0g', '1000 mg', '1300gRE', '1.6mg', '1.9mg', '22.0mgNE', '310g', '2.0mg', '3.7 g', '55.0g', '8.0mg', '110 mg', '16.0g', '16.0mg-TE', '85.0g', '12.0mg', '800mg', '15.0mg', '170g', '180mg', '2.9mg', '140g', '700mg', '82.0g', '1900g', '850mg', '1300mg', '110g', '1.5 mg', '420mg', 'Note: Every effort is made to ensure all product information is accurate at the time of publication. The most current information can always be obtained by referring to the package label.'], ['Average Quantityper 100ml', '461kJ', '110Cal', '4.4g', '3.7g', '1.6g', '0.7g', '130mg', '1.4g', '0.7g', '14g', '1.4g', '<0.5g', '1.4g', '0.7g', '0.7g', '100mg', '130gRE', '0.16mg', '0.19mg', '2.2mgNE', '31g', '0.2mg', '0.37 g', '5.5 g', '0.8mg', '11 mg', '1.6g', '1.6mg-TE', '8.5g', '1.2 mg', '80mg', '1.5mg', '17g', '18mg', '0.29mg', '14g', '70mg', '8.2 g', '190g', '85 mg', '130mg', '11g', '0.15 mg', '42mg', 'Note: Every effort is made to ensure all product information is accurate at the time of publication. The most current information can always be obtained by referring to the package label.']]",,,,,,,,,,,,,,,"['Each', 'Case']",,['Neutral'],"Shake well before use. Unopened, store in a cool dry place. Avoid excessive heat. If spiked, use within 24 hours. If uncapped, unused portion to be recapped, refrigerated and used within 24 hours.
Recommended Daily Dosage: 1500-2000 ml for complete nutrition or as recommended by a healthcare professional.
Check use by date on front of pack.
UHT Sterilised. Packaged in a protective atmosphere.
 ",,,"['Abnormal bowel function', 'Inadequate oral intake', 'Long-term tube feeding']","[[], ['Energy Density', '1.1 kcal/ml', '4.6 kJ/ml'], ['Energy Distribution'], ['Protein', '16%', 'Milk protein caseinates, chicken protein, pea and bean protein'], ['Carbohydrate', '51%', 'Maltodextrin'], ['Fat', '30%', 'Vegetable Oils (Rapeseed and Sunflower), Medium Chain\r\nTriglycerides (MCT 19 % of fat), fish oil'], ['Dietary Fibre', '(Soluble and Insoluble)', '14g per 1000ml'], ['Nonprotein Calorie: Nitrogen Ratio', '.........................................', '133:1'], ['Calorie: Nitrogen Ratio', '.........................................', '159:1'], ['n-6:n-3 Ratio', '.........................................', '4.1:1'], ['Osmolality', '.........................................', '380m0sm/kg Water'], ['Water Content', '.........................................', '838 mL/1000 mL'], ['']]"
0,https://www.ncare.net.au/nutrition-products/pronourish/pronourish-natural-balance-fibre-360g-3,PRONOURISH Natural Balance Fibre 360g                ,,,,"['12356841EACH:No flavour|Each', '12356841CASE:No flavour|Case']","PRONOURISH Natural Balance Fibre is a clinically tested, natural soluble fibre that helps relieve symptoms associated with medically diagnosed Irritable Bowel Syndrome (IBS).
It offers:
For more information on PRONOURISH and our full product range visit pronourish.com.au.
Ensure you drink plenty of water.If diarrhoea persists for more than 48 hours, please seek medical advice.Always read the label, use only as directed. If symptoms persist see your healthcare professional.
Monash University receives a license fee for use of the Monash University Low FODMAP Certified trademarks. Monash University has assessed this product as being low in FODMAPs but has not assessed its suitability as a therapeutic good.
",100% Guar Galactomannan (Partially Hydrolysed Guar Gum). ,,,,,,,,,,,,,,,,,,,,,,,"['Each', 'Case']",,['No flavour'],Adults over 18 years take 1-4 level metric tablespoons per day or as recommended by a healthcare professional. ,,,,
