Product,product_format,number_in_case,product_weight_numeric,product_weight_metric,Form
FreeStyle Lancets,100-pack,IN product_format,MISSING,MISSING,MISSING
Data Cable and Charging Adapter for FreeStyle Libre 14 Day System,1-Pack,IN product_format,MISSING,MISSING,MISSING
FreeStyle Data Cable,1-Pack,IN product_format,MISSING,MISSING,MISSING
FreeStyle Lancing Device II,1-Pack,IN product_format,MISSING,MISSING,MISSING
FreeStyle Precision Neo Blood Glucose Monitoring System,1-Pack,IN product_format,MISSING,MISSING,MISSING
Data Cable For FreeStyle Precision Neo and FreeStyle Libre 14 day Systems,1-Pack,IN product_format,MISSING,MISSING,MISSING
Carrying Case for FreeStyle Precision Neo System,1-Pack,IN product_format,MISSING,MISSING,MISSING
FreeStyle Carrying Case,1-Pack,IN product_format,MISSING,MISSING,MISSING
Carrying Case for FreeStyle InsuLinx System,1-Pack,IN product_format,MISSING,MISSING,MISSING
Similac Slow Flow Nipple and Ring,MISSING,MISSING,MISSING,MISSING,MISSING
Similac Infant Nipple and Ring,MISSING,MISSING,MISSING,MISSING,MISSING
Similac Premature Nipple and Ring,MISSING,MISSING,MISSING,MISSING,MISSING
Similac Orthodontic Nipple and Ring,MISSING,MISSING,MISSING,MISSING,MISSING
Cooler Insert with 2 Freezable Ice Packs,MISSING,MISSING,MISSING,MISSING,MISSING
FreeStyle Precision Neo Starter Pack,MISSING,MISSING,MISSING,MISSING,MISSING
FreeStyle Log Books / 6 pack,MISSING,MISSING,MISSING,MISSING,MISSING
FreeStyle Log Books / 100 pack,MISSING,MISSING,MISSING,MISSING,MISSING
FreeStyle Precision Neo Blood Glucose Test Strips / 50 count,MISSING,MISSING,MISSING,MISSING,OK
FreeStyle Precision Neo Blood Glucose Test Strips / 25 count,MISSING,MISSING,MISSING,MISSING,OK
Ensure Enlive   ,OK,OK,OK,OK,OK
Go & Grow by Similac NON-GMO Milk-Based Toddler Drink Powder With 2'-FL HMO,OK,OK,OK,OK,OK
Similac Pro-Advance Infant Formula Powder,OK,MISSING,OK,OK,OK
Meter Replacement Batteries,OK,MISSING,OK,MISSING,OK
FreeStyle Control Solution,OK,OK,OK,MISSING,OK
ZonePerfect Macros Bar,OK,OK,OK,MISSING,OK
ZonePerfect Nutrition Bar,OK,OK,OK,MISSING,OK
Glucerna Snack Bars,OK,OK,OK,MISSING,OK
Similac Human Milk Fortifier Powder,OK,OK,OK,MISSING,OK
Glucerna Mini Treats,OK,OK,OK,MISSING,OK
Ensure Rapid Hydration Electrolyte Powder Packs,OK,OK,OK,MISSING,OK
Pedialyte Hydration Station Multipack,OK,OK,OK,MISSING,OK
Pedialyte AdvancedCare Plus Hydration Station Multipack,OK,OK,OK,MISSING,OK
Pedialyte AdvancedCare Plus Powder Packs,OK,OK,OK,MISSING,OK
Pedialyte Powder Packs,OK,OK,OK,MISSING,OK
Pedialyte Sparkling Rush Powder Packs,OK,OK,OK,MISSING,OK
Pedialyte AdvancedCare,OK,OK,OK,OK,OK
Pedialyte AdvancedCare Plus,OK,OK,OK,OK,OK
Pedialyte,OK,OK,OK,OK,OK
